application_id,job_id,applicant_name,gender,age,education,years_experience,city,date_applied,interview_score,status
APP00826,JP0032,Richard Stevens,Female,,Senior High,4,Pasig,2026-03-08,56.8,Rejected
APP00126,JP0006,Helen Jones,female,23,Associate,6,Pasig,14-Jan-26,92.1,Hired
APP01421,JP0055,Justin Foster,male,31,MS,1,Davao City,"Apr 27, 2026",47.1,Rejected
APP01614,JP0062,Brittany Melton,female,20,Bachelors,7,Davao City,2026-04-24,51.1,Applied
APP00694,JP0027,Joseph Ochoa,F,33,Bachelors,0,Taguig,"Feb 21, 2026",45.9,Screened
APP00647,JP0025,Alexis Harris,Female,21,Bachelor,0,Taguig,2026-02-22,41.0,Rejected
APP02063,JP0079,Deborah Dominguez,Female,22,High School Graduate,0,Mandaluyong,"Jun 01, 2026",62.8,Interviewed
APP00782,JP0030,Laura Griffin,Male,27,BS,0,Pasig,2026-03-11,64.8,Offered
APP00171,JP0007,Matthew Harrington,Male,33,Associate Degree,7,Makati,20-Jan-26,22.1,Rejected
APP00457,JP0018,Eric Williams,F,36,Bachelors,8,Makati,02/23/2026,52.9,Applied
APP01196,JP0047,Sheila Greer,Male,28,Bachelor's Degree,0,Cebu City,04/07/2026,63.2,Screened
APP00905,JP0035,Danielle Smith,Non-binary,20,Master's Degree,0,Makati,2026-03-14,83.3,Hired
APP00161,JP0007,Jamie Walton,F,23,Associate Degree,0,Mandaluyong,"Jan 14, 2026",59.4,Rejected
APP01770,JP0068,Anthony Mooney,Male,31,B.S.,5,Mandaluyong,05/04/2026,77.3,Offered
APP00071,JP0003,Jordan Henderson,Male,26,Associate Degree,0,Mandaluyong,01/15/2026,44.0,Rejected
APP00274,JP0011,Cynthia Moore,F,31,Bachelor's Degree,4,Taguig,02/05/2026,81.1,Interviewed
APP00057,JP0003,Lauren Daniels,male,39,BS,10,Pasig,2026-01-15,18.8,Applied
APP02637,JP0100,Christina White,male,29,M.S.,0,Iloilo City,2026-07-05,,Interviewed
APP01640,JP0063,Scott Stephens,female,31,B.S.,6,Mandaluyong,04/24/2026,95.3,Hired
APP01784,JP0069,Tyler Baker,M,31,BS,5,Cebu City,05/07/2026,,Rejected
APP00811,JP0031,Jerry Brown,female,37,BS,9,Quezon City,27-Feb-26,69.4,Interviewed
APP01910,JP0074,Teresa Jones,Male,36,Master's Degree,4,,"May 20, 2026",79.5,Interviewed
APP01035,JP0040,Alicia Roth,F,43,BS,10,Iloilo City,2026-03-19,55.7,Rejected
APP02154,JP0082,Travis Wilson,Male,32,High School Graduate,8,,2026-05-31,71.2,Screened
APP02566,JP0098,Samuel Olson,male,29,BS,5,Taguig,2026-06-27,84.3,Interviewed
APP00845,JP0033,Jorge Harris,female,35,Bachelor,10,Iloilo City,2026-03-09,42.4,Applied
APP00347,JP0014,Patricia Le,M,36,HS Graduate,6,Iloilo City,28-Jan-26,51.6,Applied
APP02188,JP0083,Brad Rivas,F,,Associate Degree,0,Davao City,2026-06-11,,Rejected
APP02272,JP0087,Michael Spencer,male,21,MS,0,Pasig,06/12/2026,65.4,Interviewed
APP02036,JP0078,Thomas Reyes,M,43,MS,4,Cebu City,05/24/2026,66.8,Rejected
APP01194,JP0047,Candace Mitchell,male,23,Bachelors,2,Davao City,04/12/2026,75.2,Screened
APP02120,JP0081,Nancy Chavez,male,27,Bachelor,1,Davao City,02-Jun-26,45.8,Screened
APP01643,JP0063,Amber Hernandez,F,28,Bachelor's Degree,0,Taguig,04/26/2026,64.5,Interviewed
APP00042,JP0002,Tricia Valencia,female,28,Bachelors,4,Makati,2026-01-05,91.1,Hired
APP01946,JP0075,Jaclyn Watson,male,32,Bachelor,9,Pasig,20-May-26,74.3,Interviewed
APP00759,JP0029,Manuel Brock,F,31,M.S.,0,Iloilo City,23-Feb-26,63.2,Interviewed
APP01763,JP0068,Audrey Jackson,male,31,Vocational,2,Quezon City,"May 15, 2026",41.8,Screened
APP00427,JP0017,Ralph Anderson,M,32,B.S.,6,,02/20/2026,27.4,Rejected
APP01666,JP0064,Emily Herrera,F,25,Senior High,3,Cebu City,2026-05-13,58.2,Rejected
APP00216,JP0009,Denise Mccann,Female,20,M.S.,0,Pasig,24-Jan-26,75.2,Rejected
APP01915,JP0074,Vanessa Rivera,female,28,MS,4,Davao City,22-May-26,48.3,Applied
APP00243,JP0010,Laura Roberts,Male,31,Associate Degree,9,Davao City,01/25/2026,66.4,Screened
APP00242,JP0010,Yvonne Chambers,Male,34,Bachelors,5,,02/03/2026,52.9,Screened
APP01855,JP0072,Richard Washington,male,20,HS Graduate,0,Davao City,2026-05-31,,Rejected
APP01271,JP0050,Jamie Solomon,F,26,Master,0,Mandaluyong,04/12/2026,50.2,Screened
APP02529,JP0096,Benjamin Neal,F,28,Bachelors,1,Taguig,"Jul 02, 2026",30.9,Rejected
APP00320,JP0013,Natalie Bautista,F,20,Master,2,Mandaluyong,2026-01-29,,Screened
APP01742,JP0067,Ann Kennedy,M,39,B.S.,10,Mandaluyong,05/06/2026,,Rejected
APP00514,JP0020,Michelle Ho,Female,39,Master's Degree,6,Iloilo City,"Feb 13, 2026",76.9,Screened
APP00767,JP0030,Eric Patrick,female,28,MS,1,,"Mar 11, 2026",50.1,Screened
APP01828,JP0071,Amanda Thomas,M,27,High School Graduate,6,Taguig,"May 20, 2026",86.6,Screened
APP01378,JP0053,Dale Wright,male,34,BS,1,Makati,22-Apr-26,71.3,Screened
APP02175,JP0083,Peter Shepherd,M,34,Bachelors,7,Cebu City,05-Jun-26,11.4,Applied
APP00513,JP0020,Michelle Jacobs,female,27,Bachelor,4,Davao City,2026-02-15,39.1,Rejected
APP00720,JP0028,Nancy Stewart,M,38,Associate,9,Davao City,03/08/2026,44.6,Rejected
APP00493,JP0019,Jose Allen,male,31,Bachelors,0,Cebu City,"Feb 11, 2026",85.4,Hired
APP01475,JP0057,Dr. Nicole Trujillo,male,35,Master,8,Pasig,"May 02, 2026",82.8,Screened
APP00610,JP0024,Todd Rosales MD,Male,20,BS,0,Makati,2026-02-17,68.8,Interviewed
APP02047,JP0078,Erica Johnson,male,21,B.S.,0,Davao City,27-May-26,55.1,Rejected
APP01501,JP0058,Ethan Frey,male,28,Associate Degree,0,Pasig,05/04/2026,68.4,Rejected
APP01804,JP0070,Connor Dominguez,Female,36,BS,4,Makati,05/18/2026,55.2,Rejected
APP01454,JP0056,Emily Morris,F,34,Bachelor,6,Mandaluyong,2026-04-17,50.9,Rejected
APP00335,JP0013,Keith Jennings,Male,35,HS Graduate,6,Pasig,2026-02-05,88.6,Interviewed
APP02376,JP0091,Heather Hess,male,30,BS,5,Cebu City,15-Jun-26,51.9,Screened
APP00036,JP0002,Angelica Tucker,female,34,B.S.,10,Mandaluyong,"Jan 10, 2026",57.2,Screened
APP00062,JP0003,Timothy Duncan,Male,32,High School Graduate,7,Quezon City,01/26/2026,60.2,Offered
APP00387,JP0016,Angela Lin,male,37,Bachelor's Degree,4,Iloilo City,"Feb 17, 2026",32.1,Rejected
APP00770,JP0030,Lisa Cervantes,F,,Bachelor,0,Iloilo City,"Feb 27, 2026",43.9,Rejected
APP00199,JP0008,Alex Hernandez,male,38,Bachelor's Degree,7,Davao City,"Feb 02, 2026",73.5,Hired
APP00947,JP0037,Zachary Robinson,F,24,B.S.,1,Makati,2026-03-27,78.2,Screened
APP02632,JP0100,Cole Andersen,male,30,Bachelors,4,Mandaluyong,07/17/2026,41.1,Applied
APP02102,JP0081,Heidi Burnett,F,28,Master,4,,15-Jun-26,60.5,Interviewed
APP01075,JP0042,Katherine Gallagher,male,24,Bachelors,0,Iloilo City,2026-04-07,22.1,Applied
APP01129,JP0044,Jeffrey Howell,Male,35,Bachelors,8,Pasig,03/28/2026,51.9,Rejected
APP01473,JP0057,Brandon Montgomery,Male,32,Bachelors,1,Davao City,29-Apr-26,88.3,Hired
APP00262,JP0011,Jasmin Alvarado,M,30,M.S.,0,Mandaluyong,02-Feb-26,37.3,Applied
APP01790,JP0069,Leah Lee,Male,24,Bachelors,0,Cebu City,05/19/2026,,Offered
APP02258,JP0086,Theresa Colon,Prefer not to say,20,Master's Degree,0,Mandaluyong,06/11/2026,59.6,Screened
APP02151,JP0082,Steven Stewart,female,33,High School Graduate,4,Taguig,08-Jun-26,43.6,Applied
APP02155,JP0082,Michael Wilson,F,29,Bachelors,5,Pasig,06/11/2026,74.3,Interviewed
APP00740,JP0029,Jenna Wilson,Female,48,M.S.,11,Pasig,24-Feb-26,55.2,Rejected
APP00994,JP0039,William Graham,Male,32,M.S.,3,,"Mar 25, 2026",21.8,Applied
APP01456,JP0056,Jessica Rojas,F,33,High School Graduate,5,Cebu City,2026-04-19,58.8,Screened
APP01960,JP0075,Jason Rocha,Female,40,Master,8,Iloilo City,"May 30, 2026",38.1,Screened
APP01290,JP0050,Amanda Perkins,female,30,Associate,0,Iloilo City,11-Apr-26,100.0,Hired
APP02501,JP0095,Steven Davis,Female,22,BS,0,Pasig,26-Jun-26,50.0,Rejected
APP00816,JP0032,Kenneth Knight,Female,27,Bachelor,2,Makati,03/08/2026,46.0,Rejected
APP00455,JP0018,Holly Valentine,female,29,MS,10,Taguig,2026-02-05,85.1,Interviewed
APP00472,JP0019,Richard Cooper,Prefer not to say,29,BS,6,Makati,"Feb 20, 2026",70.4,Screened
APP01233,JP0048,Paul Moreno,female,25,Vocational,5,Davao City,"Apr 12, 2026",86.0,Hired
APP01877,JP0073,John Mack,F,32,Bachelor,10,Pasig,14-May-26,63.6,Screened
APP01428,JP0055,John Smith,M,24,Senior High,7,Taguig,04/26/2026,50.9,Screened
APP02476,JP0094,Jessica Mcdonald,female,23,Master's Degree,0,Quezon City,2026-06-22,63.4,Screened
APP02416,JP0092,Corey Garcia,Female,38,Bachelor,9,,2026-06-21,44.4,Applied
APP00437,JP0017,Chad Jones,male,40,B.S.,13,Iloilo City,"Feb 20, 2026",45.3,Applied
APP00444,JP0018,Brittany Kim,female,41,Bachelors,8,Quezon City,2026-02-22,68.7,Rejected
APP01970,JP0076,Eric Cox,F,38,Bachelor,8,Taguig,"Jun 03, 2026",44.8,Rejected
APP01830,JP0071,Joy Jackson,male,31,Master,1,Taguig,09-May-26,65.6,Interviewed
APP01368,JP0053,William Wolfe,Male,28,B.S.,3,Davao City,"Apr 25, 2026",39.5,Applied
APP00396,JP0016,Anthony Romero,male,27,Bachelor,4,Pasig,2026-02-09,48.9,Applied
APP02427,JP0093,Michael Neal,male,25,M.S.,0,Mandaluyong,06/26/2026,57.9,Interviewed
APP00194,JP0008,Daniel Salinas,female,28,Bachelor,2,Cebu City,19-Jan-26,32.9,Applied
APP01113,JP0043,Steven Howard,Female,30,BS,2,Mandaluyong,2026-04-07,53.8,Screened
APP01045,JP0041,Traci Vincent,M,20,M.S.,0,Mandaluyong,"Mar 14, 2026",62.0,Screened
APP00925,JP0036,Virginia Casey,Male,37,Bachelors,6,Iloilo City,03/18/2026,31.9,Rejected
APP01002,JP0039,Elizabeth Sanders,female,26,Bachelors,1,Taguig,2026-03-14,69.8,Screened
APP00415,JP0017,Jason Rhodes,Female,46,BS,11,,2026-02-08,20.5,Rejected
APP02018,JP0077,Jessica Rosario,female,24,Bachelors,0,Pasig,09-Jun-26,64.7,Rejected
APP01355,JP0052,Miss Kelly Dawson,male,35,BS,13,Taguig,04/06/2026,79.4,Interviewed
APP01525,JP0059,Andrew Meyers,M,42,Bachelor's Degree,16,Quezon City,04/18/2026,41.0,Applied
APP00717,JP0028,Derrick Anderson,Female,30,Bachelor,5,Cebu City,05-Mar-26,50.2,Rejected
APP00318,JP0013,Charles Shah,Prefer not to say,25,Vocational,3,Quezon City,01/27/2026,69.9,Screened
APP01988,JP0076,Joseph Watson,F,,Master's Degree,5,Iloilo City,06/02/2026,52.4,Screened
APP00362,JP0015,Holly Farmer,Female,34,Master,7,Davao City,"Feb 05, 2026",53.3,Interviewed
APP01391,JP0054,Elizabeth Hart,M,32,BS,9,Makati,2026-04-19,68.1,Screened
APP02028,JP0078,Tiffany Johnson,female,27,Master's Degree,4,Mandaluyong,"Jun 07, 2026",62.6,Rejected
APP01641,JP0063,Karen Ortiz,Male,27,B.S.,0,Pasig,05/07/2026,64.5,Interviewed
APP01005,JP0039,Edgar Miller,F,44,BS,10,Iloilo City,03/17/2026,,Screened
APP01395,JP0054,Robert Woods,Female,30,Bachelor,6,Iloilo City,2026-04-11,72.4,Screened
APP02564,JP0098,Jonathan Moss,Male,32,Associate Degree,1,Davao City,07/02/2026,30.5,Rejected
APP01288,JP0050,Kevin Escobar,Male,26,BS,3,,2026-04-07,85.5,Interviewed
APP01262,JP0049,Michael Sloan,Female,29,BS,0,Quezon City,16-Apr-26,93.3,Hired
APP01494,JP0058,Eric Walker,female,20,Senior High,3,Taguig,04/27/2026,41.5,Applied
APP01072,JP0042,Sarah Pittman,F,32,Bachelors,3,Iloilo City,21-Mar-26,76.3,Interviewed
APP01034,JP0040,Steve Rivera,F,37,BS,5,Davao City,"Mar 26, 2026",57.7,Rejected
APP00597,JP0023,Reginald Knapp,female,30,Master,8,Taguig,20-Feb-26,92.4,Hired
APP00827,JP0032,Megan Burns,F,27,Senior High,0,Taguig,03/16/2026,62.7,Screened
APP00558,JP0022,Lauren Jackson,M,26,High School Graduate,0,Makati,03/02/2026,41.6,Rejected
APP00924,JP0035,Jason Herrera,M,42,Associate,17,Cebu City,03/22/2026,68.1,Screened
APP02492,JP0095,Joseph Jackson,Male,31,B.S.,7,Iloilo City,06/26/2026,35.3,Applied
APP01736,JP0067,Rebecca Edwards,F,39,Bachelor's Degree,9,Cebu City,06-May-26,51.7,Applied
APP01096,JP0043,Dennis Mills,F,32,B.S.,7,Makati,2026-03-29,35.8,Applied
APP00487,JP0019,Dawn Mullins,M,,B.S.,0,Mandaluyong,02/15/2026,46.6,Screened
APP01603,JP0062,Randy Griffin,male,38,Associate,4,Mandaluyong,23-Apr-26,29.4,Applied
APP00654,JP0026,James Webster,Male,32,M.S.,8,Quezon City,"Feb 26, 2026",,Interviewed
APP01720,JP0066,Jamie Snyder,M,46,Master's Degree,13,Pasig,"May 14, 2026",,Rejected
APP00561,JP0022,Robert Morgan,male,30,B.S.,2,Iloilo City,28-Feb-26,,Interviewed
APP01287,JP0050,Kenneth Brown,Male,34,Bachelor's Degree,6,Davao City,11-Apr-26,50.3,Rejected
APP02493,JP0095,Richard Medina,Female,38,Master,6,Quezon City,05-Jul-26,63.5,Screened
APP00048,JP0002,Anthony Humphrey,F,34,Vocational,2,Makati,13-Jan-26,51.5,Rejected
APP00972,JP0038,Eric Barker,Male,36,Associate Degree,6,Davao City,"Mar 19, 2026",80.5,Interviewed
APP00768,JP0030,Dennis Huffman,female,50,Associate,15,Quezon City,01-Mar-26,40.1,Rejected
APP02384,JP0091,Juan Keller MD,male,28,Bachelors,1,Pasig,2026-07-02,38.6,Applied
APP01365,JP0053,Megan Alvarado,Male,21,BS,0,Davao City,"Apr 16, 2026",61.9,Rejected
APP02136,JP0082,Valerie Gonzalez,Female,31,B.S.,8,Davao City,"Jun 12, 2026",94.5,Hired
APP01305,JP0051,Colin Fletcher,Male,22,Bachelor's Degree,0,Makati,18-Apr-26,57.0,Screened
APP00639,JP0025,Amber Yang,M,43,B.S.,10,Quezon City,20-Feb-26,18.0,Applied
APP01143,JP0045,Kara Sandoval,F,30,Bachelors,6,Iloilo City,2026-04-07,41.1,Applied
APP01836,JP0071,Robert Hendrix,Female,20,Bachelor,6,Pasig,"May 13, 2026",63.3,Rejected
APP01969,JP0076,Carlos Miller,Prefer not to say,31,Bachelor,3,Makati,05-Jun-26,30.4,Applied
APP01926,JP0074,Carlos Clarke,Female,33,Bachelors,4,Davao City,2026-05-14,,Screened
APP02438,JP0093,Jennifer Gonzalez,Male,20,B.S.,2,Iloilo City,2026-06-26,70.0,Interviewed
APP00408,JP0016,Robert Montgomery,F,25,Senior High,0,Pasig,16-Feb-26,,Screened
APP02523,JP0096,Joshua Mendoza,Male,24,B.S.,1,Davao City,08-Jul-26,91.1,Hired
APP02514,JP0096,Julia Johnston,Male,36,M.S.,6,Taguig,06/26/2026,75.0,Interviewed
APP02186,JP0083,Melanie Long,M,30,Bachelor,2,Makati,2026-06-07,61.9,Screened
APP00951,JP0037,Eric Taylor,M,39,Master's Degree,4,Makati,"Mar 27, 2026",21.2,Rejected
APP00206,JP0009,Jeremy Dalton,male,31,High School Graduate,5,Pasig,"Jan 22, 2026",45.7,Applied
APP01069,JP0042,David Stokes,female,40,Associate Degree,10,Pasig,"Mar 18, 2026",63.0,Interviewed
APP01472,JP0057,Russell Anderson,female,32,Bachelor,0,Cebu City,"Apr 21, 2026",51.6,Rejected
APP01612,JP0062,Autumn Anderson,M,36,Bachelors,5,Taguig,04/24/2026,28.3,Rejected
APP01520,JP0059,Carrie Petersen,Female,28,BS,6,Mandaluyong,2026-04-21,,Interviewed
APP01512,JP0058,Ms. Kelly Holder,female,20,Master's Degree,0,Quezon City,2026-04-28,45.2,Screened
APP02578,JP0098,Jeremy Smith,M,34,Bachelor,6,Davao City,10-Jul-26,60.2,Rejected
APP01497,JP0058,Zachary Ramos,Male,,Master's Degree,2,Makati,04/29/2026,72.4,Interviewed
APP00761,JP0029,Amanda Terrell,female,33,Associate Degree,2,Cebu City,23-Feb-26,16.1,Rejected
APP00392,JP0016,Jeremy Turner,female,41,B.S.,14,Taguig,02/12/2026,42.0,Rejected
APP01979,JP0076,Barbara Hunt,M,32,Master,9,Iloilo City,2026-05-27,73.5,Screened
APP01994,JP0077,Tamara Harris,M,,Master's Degree,9,,20-May-26,68.8,Screened
APP00474,JP0019,Curtis Williams,female,40,B.S.,9,Quezon City,"Feb 18, 2026",45.2,Rejected
APP00282,JP0012,Jessica Garcia,Male,22,Associate Degree,1,Taguig,25-Jan-26,,Interviewed
APP00928,JP0036,Sandra Rivera,F,29,Bachelors,0,Taguig,03/22/2026,61.2,Interviewed
APP01435,JP0055,Omar Price,female,,Vocational,9,Iloilo City,04/21/2026,,Applied
APP00432,JP0017,Sophia Johnson,male,39,Bachelor,9,Makati,"Feb 05, 2026",25.6,Applied
APP01019,JP0040,James Nguyen,male,20,HS Graduate,0,Taguig,2026-03-18,86.1,Hired
APP02016,JP0077,Ashley Schaefer,F,26,B.S.,0,Mandaluyong,"May 31, 2026",40.1,Rejected
APP01466,JP0057,Mary Ryan,Prefer not to say,20,Bachelors,0,Iloilo City,"Apr 13, 2026",49.6,Rejected
APP00509,JP0020,Lawrence Harrington,F,39,B.S.,9,Iloilo City,2026-02-22,100.0,Hired
APP00833,JP0032,Bonnie Santos,Prefer not to say,36,Bachelors,3,Taguig,02/26/2026,34.6,Applied
APP02122,JP0081,Michelle Mcdowell,male,40,Associate,6,Makati,"May 27, 2026",60.2,Rejected
APP01356,JP0052,Laura Benson,F,28,BS,0,Mandaluyong,09-Apr-26,47.0,Applied
APP01371,JP0053,Susan Porter,male,31,Bachelor,4,Pasig,04/25/2026,64.7,Screened
APP01563,JP0060,Wesley Browning,Female,22,BS,0,Pasig,"Apr 29, 2026",44.3,Applied
APP01619,JP0063,Taylor Andersen,Female,20,Bachelor's Degree,0,Makati,2026-04-27,26.1,Applied
APP01319,JP0051,Dawn Wyatt,female,28,BS,6,Iloilo City,2026-04-16,34.3,Applied
APP00978,JP0038,David Rodriguez,Female,44,Bachelor's Degree,14,Davao City,2026-03-21,60.5,Screened
APP02478,JP0094,Michelle Simpson,F,27,B.S.,4,Iloilo City,05-Jul-26,,Screened
APP00180,JP0008,Madison Poole,female,26,Master's Degree,6,Taguig,01/19/2026,64.4,Screened
APP01504,JP0058,Henry Taylor,M,24,HS Graduate,3,Pasig,2026-05-03,12.3,Applied
APP01873,JP0073,Carolyn Cordova,female,21,Bachelors,2,Davao City,2026-05-23,74.4,Interviewed
APP00485,JP0019,Jonathan Glass MD,F,42,Bachelor's Degree,15,Quezon City,"Feb 19, 2026",41.6,Rejected
APP01349,JP0052,Tonya Ellis,female,40,M.S.,11,Mandaluyong,2026-04-20,47.6,Rejected
APP01163,JP0046,Elizabeth Miles,F,20,Bachelors,0,Quezon City,2026-03-25,52.8,Screened
APP01921,JP0074,Arthur Reed,M,25,M.S.,5,Davao City,21-May-26,100.0,Hired
APP01546,JP0060,Ariana Stewart,Male,33,BS,0,Makati,"Apr 27, 2026",62.8,Interviewed
APP00613,JP0024,Susan Thompson,Male,22,Master,1,Cebu City,2026-02-22,100.0,Hired
APP02159,JP0082,Elizabeth Foster,female,25,Bachelors,8,Mandaluyong,06/16/2026,58.0,Rejected
APP02074,JP0080,Ronald Brown,male,20,Vocational,0,Iloilo City,"Jun 08, 2026",,Interviewed
APP01197,JP0047,Dawn Rivera,female,20,Master,0,Quezon City,04/17/2026,58.5,Screened
APP00775,JP0030,Haley Johnson,F,20,Bachelor,0,Davao City,04-Mar-26,70.2,Screened
APP00454,JP0018,Brenda Thornton,female,21,MS,4,Makati,20-Feb-26,51.7,Applied
APP02282,JP0087,Mrs. Amy Malone,F,37,Master's Degree,8,Makati,06/21/2026,94.5,Hired
APP00815,JP0032,Douglas Ryan,male,31,Associate Degree,5,Mandaluyong,2026-03-18,97.9,Hired
APP01867,JP0073,Tiffany Anderson,F,32,Master's Degree,8,Davao City,2026-06-03,,Rejected
APP01049,JP0041,James Martin,Female,27,M.S.,0,Pasig,23-Mar-26,77.6,Screened
APP00162,JP0007,Joel Williams,female,37,BS,7,,2026-01-19,54.9,Applied
APP00281,JP0012,Laura Haney,Female,37,Bachelor,5,Cebu City,02/06/2026,31.7,Rejected
APP01725,JP0066,Rebecca Patel,F,28,Bachelor's Degree,1,Taguig,07-May-26,83.6,Interviewed
APP00868,JP0033,Breanna Ayala,F,40,M.S.,10,Davao City,"Mar 04, 2026",78.2,Interviewed
APP02192,JP0084,Tracy Guzman,F,20,Associate Degree,2,Taguig,06/20/2026,37.0,Applied
APP02269,JP0086,Adam Drake,F,30,Master's Degree,2,Makati,06/13/2026,29.7,Rejected
APP01450,JP0056,Christopher Hill,Female,20,Bachelors,0,Mandaluyong,27-Apr-26,45.9,Applied
APP00179,JP0008,John Bishop,Male,29,Bachelor's Degree,0,Mandaluyong,28-Jan-26,43.6,Applied
APP01093,JP0043,Stephen Cowan,Female,28,Master's Degree,5,Iloilo City,03/30/2026,65.1,Interviewed
APP00872,JP0033,Nicole Phillips,female,53,Bachelor,18,Iloilo City,19-Mar-26,65.8,Rejected
APP01575,JP0061,Debra Bradley,Female,22,MS,5,Taguig,2026-05-10,59.8,Screened
APP02218,JP0085,Jessica Garrett,Male,33,BS,3,Taguig,06/12/2026,,Screened
APP02487,JP0095,Paige Hernandez,M,25,Bachelors,0,Davao City,06-Jul-26,79.9,Hired
APP02587,JP0098,Nicole Harvey,M,23,Bachelor's Degree,4,Davao City,2026-07-09,52.2,Screened
APP02275,JP0087,Heather Williams,female,38,B.S.,8,Mandaluyong,06/11/2026,61.5,Screened
APP02328,JP0089,Sean Nguyen,female,23,Bachelor's Degree,0,Mandaluyong,2026-06-13,68.6,Screened
APP01095,JP0043,Vincent Reyes,M,29,BS,0,Davao City,21-Mar-26,82.8,Interviewed
APP00817,JP0032,Casey Perez,M,39,M.S.,8,Mandaluyong,11-Mar-26,28.9,Applied
APP00901,JP0035,William Miller,female,29,B.S.,3,Davao City,"Mar 13, 2026",72.9,Interviewed
APP00446,JP0018,Dustin Gallegos,Male,26,Bachelor's Degree,0,Davao City,"Feb 17, 2026",62.5,Rejected
APP02402,JP0092,Andrea Clarke,Male,47,Master,9,Davao City,06/15/2026,37.3,Applied
APP02010,JP0077,Henry Gray,M,43,MS,10,Taguig,"Jun 08, 2026",60.8,Rejected
APP02377,JP0091,Elizabeth Robbins,Male,36,Bachelors,6,Quezon City,22-Jun-26,50.3,Rejected
APP01238,JP0048,Thomas Short,male,33,BS,5,Cebu City,01-Apr-26,78.9,Screened
APP00084,JP0004,Christina Walters,M,40,Associate Degree,11,Pasig,"Jan 11, 2026",47.0,Applied
APP01235,JP0048,Kimberly Smith,Male,34,Associate Degree,2,Cebu City,"Apr 05, 2026",58.0,Interviewed
APP00787,JP0030,Elizabeth Mendez,male,28,Bachelor's Degree,9,Iloilo City,"Mar 10, 2026",,Applied
APP01276,JP0050,John Dixon,female,23,B.S.,2,Taguig,2026-04-16,74.7,Screened
APP01337,JP0052,Charles Frost,female,39,M.S.,13,Quezon City,23-Apr-26,84.8,Interviewed
APP01022,JP0040,Chelsea Lewis,Male,45,Associate,6,Mandaluyong,"Mar 23, 2026",53.6,Rejected
APP00140,JP0006,Rebecca Jackson,female,25,Vocational,0,Makati,12-Jan-26,54.1,Interviewed
APP00227,JP0009,Christopher Smith,male,29,Bachelor's Degree,2,Cebu City,29-Jan-26,76.5,Interviewed
APP00429,JP0017,Travis Tucker,female,39,Bachelors,12,Makati,14-Feb-26,42.2,Applied
APP01803,JP0070,Mark Benjamin,Prefer not to say,27,MS,7,Cebu City,2026-05-26,67.8,Screened
APP01759,JP0068,Jonathan York,female,40,Bachelor,8,Davao City,"May 18, 2026",69.1,Interviewed
APP01623,JP0063,Justin Stone,female,36,BS,1,Iloilo City,2026-04-29,27.8,Applied
APP02534,JP0097,Michelle Prince,Male,30,Bachelor,4,Iloilo City,"Jul 16, 2026",50.6,Interviewed
APP00962,JP0037,Paula Brown,female,24,High School Graduate,2,Cebu City,23-Mar-26,100.0,Hired
APP02614,JP0099,Shawn Luna,Female,28,MS,0,Makati,2026-07-09,44.5,Applied
APP01134,JP0044,Peter Williams,Male,23,B.S.,1,,04-Apr-26,60.3,Interviewed
APP01849,JP0072,Erika Maxwell,male,31,MS,4,Cebu City,"May 18, 2026",38.3,Screened
APP02177,JP0083,Sharon Martinez,M,35,BS,6,Quezon City,03-Jun-26,79.7,Screened
APP01816,JP0070,Jeremy Mosley,M,38,Bachelors,6,Mandaluyong,05/20/2026,88.7,Offered
APP02395,JP0092,Antonio Johnson,male,23,Bachelor,0,Mandaluyong,16-Jun-26,62.3,Rejected
APP00465,JP0019,Taylor Carlson,male,26,Bachelor's Degree,1,Davao City,19-Feb-26,77.5,Hired
APP02413,JP0092,Robert Watkins,Male,39,Bachelor's Degree,10,Pasig,2026-07-02,70.5,Screened
APP00880,JP0034,Denise Brown,female,25,Bachelors,1,Pasig,"Mar 15, 2026",71.2,Interviewed
APP00192,JP0008,Lawrence Adkins,female,38,Bachelors,8,Cebu City,01/17/2026,77.3,Screened
APP02443,JP0093,Ana Thomas,male,23,Associate Degree,5,Davao City,07/03/2026,,Applied
APP01519,JP0059,Richard Reyes,M,38,BS,11,Cebu City,04-May-26,,Screened
APP02139,JP0082,Diane Byrd MD,F,31,Bachelor,6,Davao City,"Jun 03, 2026",73.1,Screened
APP01492,JP0058,Nicholas Franklin,Female,20,B.S.,3,Makati,2026-04-22,61.8,Rejected
APP02212,JP0084,Glenn Ford,female,22,Bachelors,0,Cebu City,2026-06-17,81.6,Hired
APP01296,JP0050,Sandy Baker,Male,31,Vocational,5,Pasig,20-Apr-26,68.5,Screened
APP01665,JP0064,Michele Edwards,male,,Bachelor,12,Mandaluyong,2026-05-01,53.6,Applied
APP00990,JP0038,Travis Conner,female,42,High School Graduate,9,,03/27/2026,94.3,Hired
APP02265,JP0086,Sarah Howell,Female,42,Bachelor's Degree,6,Quezon City,06/11/2026,84.9,Interviewed
APP01928,JP0074,Evan Cooper,Female,20,MS,0,Mandaluyong,05/14/2026,53.6,Rejected
APP01065,JP0041,Brian Hunt,M,28,HS Graduate,0,Makati,03/27/2026,41.7,Screened
APP00213,JP0009,Nathan Freeman,male,31,BS,2,Makati,02/01/2026,89.2,Hired
APP02316,JP0089,Becky Hansen,male,28,BS,6,Taguig,06/23/2026,,Rejected
APP00497,JP0020,Brandon Fleming,female,35,Bachelor,11,Davao City,02/25/2026,58.9,Screened
APP00231,JP0010,Krista Gibson,female,31,Bachelors,8,Cebu City,2026-01-19,40.4,Applied
APP02103,JP0081,Rachel Taylor,Male,29,B.S.,6,Makati,"Jun 06, 2026",45.3,Rejected
APP00279,JP0012,Briana Murray,Female,33,Master's Degree,3,Quezon City,"Jan 31, 2026",54.9,Screened
APP01463,JP0057,Edward Baker,female,29,Vocational,3,Pasig,"May 01, 2026",73.7,Screened
APP00546,JP0022,Lisa Randall,M,25,B.S.,4,Davao City,"Feb 13, 2026",35.5,Applied
APP02508,JP0096,David Hunter,Non-binary,26,Bachelor,1,Pasig,2026-06-26,46.5,Rejected
APP01710,JP0066,Jason Oliver,female,23,Bachelor,0,Davao City,05/06/2026,82.5,Screened
APP01904,JP0074,Judith Miller,Male,23,Senior High,1,Quezon City,"May 13, 2026",,Interviewed
APP00616,JP0024,Samantha Robertson,Male,34,Bachelors,5,Pasig,"Mar 04, 2026",56.8,Screened
APP00684,JP0027,James Tran,Female,37,Bachelors,5,Cebu City,18-Feb-26,46.8,Rejected
APP01588,JP0061,Michael Woods,male,23,Master,0,Davao City,05/08/2026,,Rejected
APP02454,JP0094,Heather Miller,Male,,B.S.,9,Cebu City,07-Jul-26,50.4,Screened
APP01101,JP0043,Jacob Santos,F,21,Master's Degree,0,Pasig,03-Apr-26,56.7,Rejected
APP02641,JP0100,Joseph Smith,Female,30,B.S.,9,Pasig,2026-07-08,52.2,Screened
APP00114,JP0005,Richard Henson,male,36,MS,8,Pasig,01/22/2026,82.5,Screened
APP01753,JP0068,Wyatt Townsend II,male,39,Bachelor's Degree,10,Iloilo City,"May 14, 2026",57.2,Screened
APP01098,JP0043,Michael Cooper,Female,35,Master's Degree,6,Cebu City,2026-04-06,59.4,Interviewed
APP02020,JP0077,Jill Spencer,Female,35,B.S.,7,Taguig,2026-06-08,41.6,Applied
APP00803,JP0031,Heather Page,Male,39,Master,2,Taguig,"Mar 04, 2026",36.3,Rejected
APP01800,JP0070,April Finley,Male,23,Bachelor's Degree,1,Cebu City,2026-05-26,63.7,Screened
APP01858,JP0072,Lori Patton,male,21,Bachelor,1,Quezon City,2026-05-20,73.8,Hired
APP00217,JP0009,Kirk Carter,Male,24,Bachelors,1,Davao City,01/24/2026,22.5,Rejected
APP00245,JP0010,Susan Serrano,F,20,B.S.,0,Mandaluyong,20-Jan-26,,Screened
APP00439,JP0017,Michael Mitchell,female,35,Bachelors,4,Davao City,01/31/2026,,Interviewed
APP01347,JP0052,Megan Hall MD,F,27,BS,4,Mandaluyong,04/14/2026,40.0,Applied
APP00104,JP0005,Shannon Walker,Female,27,M.S.,2,Cebu City,01/24/2026,64.8,Rejected
APP00032,JP0002,Danny Morgan,M,28,Bachelor,7,Pasig,"Jan 22, 2026",40.1,Rejected
APP01366,JP0053,Karen Fernandez,male,31,M.S.,4,,2026-04-19,54.7,Screened
APP01116,JP0043,Jon Clark,F,21,Bachelor,0,Cebu City,04/08/2026,18.3,Rejected
APP01413,JP0055,Jeffrey Carter,Male,33,Bachelor,3,Taguig,04/11/2026,43.5,Applied
APP02574,JP0098,Maria Roberts,male,40,Bachelor,3,Cebu City,2026-07-13,55.8,Screened
APP00324,JP0013,Stephen Hoffman,F,25,BS,0,Davao City,"Jan 25, 2026",44.3,Rejected
APP01514,JP0059,Hannah Montoya,F,25,Master,0,Pasig,05/03/2026,71.5,Screened
APP02195,JP0084,Brad Gordon,male,27,BS,5,Makati,06/09/2026,64.1,Rejected
APP01249,JP0049,Eugene Patterson,F,35,Bachelor's Degree,11,Taguig,08-Apr-26,54.3,Rejected
APP02372,JP0091,Heather Thompson,Female,20,Vocational,7,Quezon City,2026-07-02,53.3,Screened
APP00383,JP0015,Renee Bruce,M,27,Bachelors,3,Davao City,2026-02-04,51.1,Interviewed
APP02181,JP0083,Sean White,F,36,Bachelor's Degree,8,Cebu City,"Jun 03, 2026",79.8,Screened
APP02387,JP0091,Jeffrey Bishop,F,31,B.S.,4,Makati,06/19/2026,97.1,Hired
APP01865,JP0072,Tracy Wells,Male,31,Bachelor,2,Cebu City,05/31/2026,53.0,Interviewed
APP00745,JP0029,Karen Morales DDS,Male,26,Associate Degree,7,Mandaluyong,02/23/2026,41.1,Rejected
APP00218,JP0009,Melissa Martinez,male,,Bachelors,0,Makati,01/17/2026,82.2,Rejected
APP01750,JP0067,Dr. Julie Miller,Female,37,Bachelor's Degree,5,Davao City,2026-05-17,63.4,Screened
APP00640,JP0025,Andrew Harper,Male,25,BS,3,Makati,03/02/2026,46.6,Rejected
APP01972,JP0076,Daniel Lopez,male,31,BS,7,Quezon City,"May 22, 2026",45.5,Rejected
APP01650,JP0064,Ryan Marsh,Male,20,Bachelor,4,Quezon City,06-May-26,71.5,Hired
APP01052,JP0041,Shannon Green,M,20,BS,0,Cebu City,15-Mar-26,35.5,Rejected
APP01021,JP0040,Eric Hunter,Female,40,HS Graduate,7,Mandaluyong,19-Mar-26,45.6,Rejected
APP02319,JP0089,Stacy Fitzgerald,F,30,B.S.,4,Makati,2026-06-13,56.7,Screened
APP00211,JP0009,Justin Torres,Female,27,Bachelor,2,Davao City,2026-01-30,,Screened
APP01206,JP0047,Donna Boone,M,26,Bachelor's Degree,3,Mandaluyong,2026-04-06,93.5,Hired
APP01254,JP0049,Sarah Randolph,male,27,BS,3,Quezon City,2026-04-17,67.5,Interviewed
APP01827,JP0071,Joann Forbes,F,31,M.S.,1,Iloilo City,2026-05-26,94.7,Hired
APP02610,JP0099,John Davidson,Female,,Bachelors,4,Quezon City,07/03/2026,74.9,Interviewed
APP00802,JP0031,Clayton Steele,F,41,Bachelor's Degree,7,Cebu City,03/19/2026,73.6,Offered
APP00685,JP0027,Mr. Aaron Arnold,female,33,Senior High,7,Taguig,2026-02-21,58.4,Rejected
APP02330,JP0089,James Weaver,Male,31,Bachelor's Degree,8,Pasig,19-Jun-26,65.6,Screened
APP02338,JP0090,Ronald Martinez,Female,39,MS,6,Davao City,"Jun 11, 2026",60.9,Screened
APP00436,JP0017,Erica Alvarez,M,26,Master's Degree,0,Mandaluyong,02/12/2026,87.7,Interviewed
APP02396,JP0092,Gavin Bauer,Male,35,Bachelors,3,Cebu City,"Jun 14, 2026",60.8,Rejected
APP02115,JP0081,Christopher Black,male,31,Bachelor,5,Pasig,2026-06-13,46.8,Rejected
APP01256,JP0049,Kevin Cunningham,Female,20,Bachelor,0,Cebu City,2026-04-08,50.0,Rejected
APP00498,JP0020,Emma Reed,F,22,BS,6,Makati,2026-02-06,74.8,Screened
APP01925,JP0074,Joshua Martin,Male,28,Bachelor,8,Iloilo City,05/23/2026,,Applied
APP00900,JP0034,Richard Adams,M,40,B.S.,4,Davao City,07-Mar-26,71.0,Interviewed
APP00442,JP0018,Kelsey Rodriguez,M,34,Bachelor's Degree,2,Pasig,"Feb 16, 2026",47.4,Rejected
APP01678,JP0065,Tamara Mcdonald,male,38,Master's Degree,6,Cebu City,05/06/2026,45.6,Rejected
APP02398,JP0092,Mark Jones,Female,37,BS,9,Iloilo City,2026-07-01,54.1,Screened
APP00652,JP0025,Robert Cummings,F,,Associate,0,Mandaluyong,02/19/2026,72.0,Screened
APP00851,JP0033,Holly Vega,Female,32,Bachelor,0,Taguig,04-Mar-26,54.1,Screened
APP01127,JP0044,Caitlin Perry,Female,28,Bachelor,4,,03/20/2026,47.0,Screened
APP02495,JP0095,Mark Morrison,M,35,Vocational,3,,07/08/2026,61.8,Screened
APP01419,JP0055,Phillip Miller,Female,23,Bachelor,0,Cebu City,"Apr 11, 2026",76.5,Interviewed
APP00934,JP0036,Lydia Pham,M,,B.S.,6,Mandaluyong,03/16/2026,67.2,Applied
APP01880,JP0073,Patrick Perez,M,24,BS,0,Davao City,22-May-26,,Applied
APP00263,JP0011,Mrs. Kristen Reyes,Male,33,Senior High,9,Taguig,02/09/2026,57.2,Interviewed
APP00077,JP0004,Aaron Wise,male,33,M.S.,2,Mandaluyong,20-Jan-26,31.4,Rejected
APP00267,JP0011,Olivia Harris,F,21,BS,0,Pasig,"Feb 05, 2026",84.4,Hired
APP02095,JP0081,Mark Edwards,M,28,Bachelor,2,Mandaluyong,05/31/2026,40.7,Applied
APP02463,JP0094,Chelsea Nichols,Female,27,Bachelor,4,Cebu City,21-Jun-26,,Interviewed
APP00800,JP0031,Bradley Johnson DDS,F,31,Master,3,Davao City,16-Mar-26,59.7,Screened
APP02147,JP0082,Sherry Anderson,Male,34,B.S.,3,Mandaluyong,03-Jun-26,40.3,Rejected
APP01554,JP0060,Brenda Hale,female,33,Master's Degree,3,Taguig,04/29/2026,56.9,Offered
APP02582,JP0098,Andrea Lee,F,28,Vocational,7,Cebu City,"Jul 01, 2026",54.2,Screened
APP02415,JP0092,Kristin Phillips,Female,26,Associate Degree,1,Taguig,06/19/2026,,Screened
APP02068,JP0079,Kenneth Stokes,Female,29,B.S.,0,Makati,07-Jun-26,57.4,Screened
APP01879,JP0073,Amy Dougherty,male,29,Bachelors,0,Quezon City,"May 14, 2026",42.4,Applied
APP00484,JP0019,Monica Miller,male,27,M.S.,8,Davao City,2026-02-15,60.0,Rejected
APP00732,JP0028,Jeffrey Roberson,Female,39,Master,6,Quezon City,03/01/2026,,Interviewed
APP00660,JP0026,Robert Dennis,male,32,Bachelor's Degree,5,Iloilo City,2026-02-22,90.6,Offered
APP02276,JP0087,Kelly Wright,Male,31,HS Graduate,5,Makati,2026-06-24,37.5,Applied
APP00598,JP0023,Victor Morris,F,28,Master,1,Taguig,"Feb 19, 2026",28.1,Applied
APP00398,JP0016,Mary Thompson,Male,22,Bachelor,0,Pasig,"Feb 14, 2026",56.7,Screened
APP01470,JP0057,Yolanda Garrett,M,45,Master,11,Pasig,17-Apr-26,85.2,Interviewed
APP00510,JP0020,Meghan Rush,male,32,Bachelor's Degree,6,Cebu City,02/22/2026,97.4,Offered
APP00790,JP0031,Reginald Morrow,F,32,Bachelor's Degree,6,Iloilo City,"Mar 17, 2026",34.3,Screened
APP02162,JP0083,Michael Graham,male,25,Bachelors,0,Quezon City,"Jun 06, 2026",86.9,Hired
APP00543,JP0021,Mr. Alexander Landry MD,male,27,Bachelor,3,Mandaluyong,13-Feb-26,10.5,Applied
APP01297,JP0050,Jesse Williams,M,26,Associate Degree,0,Cebu City,"Apr 06, 2026",71.7,Rejected
APP02589,JP0098,Richard Miller,male,,MS,1,Cebu City,09-Jul-26,42.5,Applied
APP02021,JP0078,Michael Henry,Male,36,B.S.,13,Cebu City,2026-06-05,56.1,Screened
APP02645,JP0100,Antonio Walton,female,20,Associate,0,Mandaluyong,2026-07-11,,Screened
APP00417,JP0017,Maria Henderson,M,33,Master,8,Davao City,16-Feb-26,54.5,Screened
APP02172,JP0083,Karina Vasquez,Female,29,B.S.,3,Pasig,"Jun 14, 2026",69.9,Offered
APP00750,JP0029,Michael Henry,Female,37,B.S.,9,Quezon City,2026-02-23,57.1,Screened
APP00693,JP0027,Mr. Richard Knight PhD,F,35,Vocational,6,Pasig,06-Mar-26,46.6,Rejected
APP00010,JP0001,Rebecca Henderson,female,24,Bachelors,3,Cebu City,01/05/2026,29.7,Applied
APP02598,JP0099,Jesus Becker,F,33,High School Graduate,8,Pasig,04-Jul-26,50.7,Screened
APP00950,JP0037,Thomas Harris,male,31,B.S.,14,Davao City,03/15/2026,62.7,Screened
APP02263,JP0086,Angela Watson,Prefer not to say,23,Bachelors,0,Mandaluyong,09-Jun-26,57.3,Rejected
APP01376,JP0053,Debbie Dunn,M,32,B.S.,6,Pasig,2026-04-22,44.3,Applied
APP00766,JP0030,Laurie Bailey,male,23,BS,4,Pasig,2026-03-05,39.5,Applied
APP01708,JP0066,Stephanie Fields,female,21,Associate Degree,0,Pasig,05/03/2026,53.6,Screened
APP01772,JP0068,Tina Reynolds,male,20,Associate Degree,0,Taguig,05/23/2026,38.3,Applied
APP00072,JP0003,Carol Tucker,male,21,Senior High,0,Mandaluyong,2026-01-15,41.3,Screened
APP01067,JP0041,Sarah Brooks,Male,41,B.S.,12,Taguig,20-Mar-26,39.6,Rejected
APP00388,JP0016,James Padilla,female,31,Bachelors,12,Iloilo City,2026-02-04,75.0,Offered
APP01457,JP0056,Rhonda Gutierrez,Female,28,BS,4,Pasig,27-Apr-26,89.5,Hired
APP01601,JP0062,Louis Brown,Male,36,Master's Degree,5,Mandaluyong,2026-04-25,82.3,Interviewed
APP01245,JP0049,Shannon Taylor,Female,32,BS,2,Davao City,2026-04-10,26.9,Rejected
APP01023,JP0040,Amanda Hill,male,26,Bachelor's Degree,2,Taguig,"Mar 23, 2026",,Interviewed
APP00526,JP0020,Penny Bowman,Female,34,High School Graduate,8,Iloilo City,2026-02-22,48.4,Rejected
APP00229,JP0010,David Davis,Prefer not to say,20,Associate Degree,0,Pasig,2026-02-03,66.6,Rejected
APP00391,JP0016,Lisa Hunter,M,32,MS,1,Iloilo City,"Feb 14, 2026",20.6,Rejected
APP02453,JP0094,Jordan Potter,F,36,Associate,7,Mandaluyong,2026-07-10,64.7,Screened
APP00119,JP0005,Sharon Cochran,F,,Bachelors,5,Makati,29-Jan-26,59.8,Rejected
APP01448,JP0056,Randy Wright,female,35,Bachelors,6,Quezon City,18-Apr-26,65.1,Screened
APP01806,JP0070,Corey Cortez,Female,31,Bachelor's Degree,7,Davao City,05/13/2026,49.2,Rejected
APP01627,JP0063,Linda Cobb,M,34,Bachelors,7,Pasig,13-May-26,59.8,Screened
APP00166,JP0007,Jeffrey Johnson,F,43,HS Graduate,14,Quezon City,"Jan 13, 2026",58.0,Rejected
APP01649,JP0064,Michael Hendricks,Male,39,M.S.,7,Taguig,05/01/2026,57.0,Interviewed
APP02556,JP0097,Stephen Robles,M,25,Associate,2,Mandaluyong,2026-06-27,49.6,Rejected
APP00256,JP0011,Tanya Kim,female,20,Master's Degree,0,Davao City,01/27/2026,87.3,Hired
APP02109,JP0081,Erin Silva,M,35,B.S.,6,Cebu City,"Jun 13, 2026",93.6,Hired
APP01360,JP0052,Jason Rodriguez,female,27,MS,5,Mandaluyong,04/17/2026,48.6,Rejected
APP01227,JP0048,Janice Fernandez,F,21,B.S.,0,Cebu City,2026-04-19,70.3,Screened
APP02078,JP0080,Mr. Scott Miller,M,32,Bachelor,6,,05/24/2026,59.4,Rejected
APP02288,JP0087,Diane Davis DDS,F,26,Master's Degree,0,Mandaluyong,13-Jun-26,56.4,Rejected
APP00837,JP0032,Beth Cline,F,38,B.S.,3,Pasig,2026-03-01,,Interviewed
APP02248,JP0086,Daniel Williams,M,33,Bachelor's Degree,5,Makati,2026-06-10,62.7,Screened
APP01568,JP0060,Alicia Dillon,M,28,Bachelors,4,Pasig,"May 10, 2026",53.7,Screened
APP02311,JP0088,Karen Griffin,Female,32,Bachelor,4,Quezon City,15-Jun-26,81.3,Interviewed
APP00795,JP0031,Jennifer Taylor,M,39,Master's Degree,5,Iloilo City,03/13/2026,65.6,Interviewed
APP02588,JP0098,Joshua Knox,female,,Bachelor's Degree,8,Davao City,06/27/2026,,Screened
APP01263,JP0049,Casey Obrien,Female,39,Bachelor,6,Taguig,09-Apr-26,32.2,Rejected
APP00525,JP0020,Kristy Bryan,M,49,Bachelors,12,Mandaluyong,"Feb 11, 2026",,Applied
APP01605,JP0062,Brenda Gallegos,Female,30,Master,4,Iloilo City,2026-04-30,80.6,Interviewed
APP01382,JP0053,Kelli Smith,F,37,Bachelor,3,Iloilo City,"Apr 25, 2026",,Hired
APP00620,JP0024,Jonathan Jacobson,female,32,B.S.,5,Makati,02/14/2026,46.8,Rejected
APP02302,JP0088,Jaclyn Crane,female,39,Bachelor,4,Mandaluyong,06/17/2026,59.0,Rejected
APP02121,JP0081,Christina Perry,female,33,Bachelor's Degree,4,Taguig,01-Jun-26,33.7,Rejected
APP00422,JP0017,George Harper,female,24,Bachelors,0,Quezon City,02/17/2026,71.1,Interviewed
APP01087,JP0042,Keith Knox,M,42,M.S.,1,Makati,2026-04-01,42.8,Rejected
APP02134,JP0082,Casey Morris,male,39,B.S.,13,Quezon City,"Jun 10, 2026",63.5,Screened
APP01765,JP0068,Eric Reese,Female,33,Bachelor's Degree,3,Makati,"May 13, 2026",61.2,Rejected
APP02470,JP0094,Kayla Schneider,F,43,Master,6,Makati,28-Jun-26,46.8,Applied
APP01211,JP0047,David Oliver,M,29,B.S.,2,Iloilo City,14-Apr-26,60.9,Rejected
APP01309,JP0051,Robert Clarke,Female,21,Master,1,Iloilo City,04/11/2026,59.9,Rejected
APP00553,JP0022,John Coffey,Male,35,Bachelor's Degree,6,Makati,2026-02-24,47.9,Rejected
APP01932,JP0074,Gregory Wallace,male,26,Associate,0,Davao City,06/02/2026,64.7,Screened
APP00664,JP0026,Chelsea Gill,male,26,Bachelors,5,Quezon City,02/24/2026,55.6,Screened
APP01558,JP0060,Harold Garrett,F,25,Bachelor's Degree,1,Mandaluyong,22-Apr-26,44.8,Screened
APP00109,JP0005,Sandra Aguilar,female,43,Associate,9,Cebu City,"Jan 30, 2026",90.0,Offered
APP00308,JP0013,Jordan Chambers,F,26,Bachelor,2,,01/23/2026,54.6,Rejected
APP01044,JP0041,Cassandra Harrell,M,24,Master,0,Taguig,"Apr 01, 2026",86.8,Interviewed
APP02504,JP0095,Victor Campbell,female,39,MS,9,Taguig,07/08/2026,32.2,Rejected
APP00609,JP0024,Casey Hernandez,male,27,Bachelor's Degree,3,Mandaluyong,02/24/2026,,Applied
APP00955,JP0037,Shannon Yu,Female,38,Associate,11,Quezon City,24-Mar-26,44.3,Rejected
APP02254,JP0086,Annette Holland,M,34,Bachelors,8,Iloilo City,"Jun 18, 2026",58.3,Rejected
APP00268,JP0011,Desiree Tyler,M,28,Associate Degree,3,Cebu City,24-Jan-26,55.5,Screened
APP02146,JP0082,Luke Solomon,female,33,Master's Degree,1,Davao City,08-Jun-26,68.5,Screened
APP02233,JP0085,John Johnson,M,29,B.S.,4,,06/19/2026,82.9,Screened
APP00548,JP0022,Molly Watts,F,34,Associate Degree,5,Quezon City,"Feb 23, 2026",52.1,Rejected
APP00602,JP0024,Emily Wilson,female,33,Bachelor's Degree,3,Mandaluyong,2026-03-01,44.1,Screened
APP02144,JP0082,Jessica Mora,Female,29,HS Graduate,5,Cebu City,10-Jun-26,70.7,Interviewed
APP00182,JP0008,Robert Oconnell,F,26,Bachelor's Degree,2,Taguig,01/29/2026,74.3,Interviewed
APP00322,JP0013,Johnathan Davis,M,21,Master,4,Mandaluyong,"Feb 01, 2026",59.4,Rejected
APP00666,JP0026,Kyle Chambers,male,34,BS,3,Davao City,"Mar 07, 2026",,Interviewed
APP02044,JP0078,Paul Saunders,Non-binary,33,M.S.,6,Cebu City,04-Jun-26,69.9,Screened
APP00264,JP0011,Kathleen Moran,F,20,BS,0,Pasig,09-Feb-26,77.0,Interviewed
APP02399,JP0092,Brendan Walton,M,26,Bachelor,0,Iloilo City,06/14/2026,43.7,Rejected
APP00703,JP0027,Suzanne Wood,M,35,Bachelors,3,Davao City,02-Mar-26,85.3,Offered
APP01020,JP0040,Debra Butler,M,30,Senior High,6,Taguig,25-Mar-26,,Rejected
APP00486,JP0019,Kaylee Hays,male,22,Bachelor's Degree,0,Mandaluyong,"Feb 10, 2026",47.8,Rejected
APP00881,JP0034,Jesse Lynch,M,37,Associate Degree,11,Pasig,2026-03-21,87.2,Hired
APP02300,JP0088,Samantha Thomas,M,28,Senior High,0,Makati,"Jun 23, 2026",63.7,Interviewed
APP00285,JP0012,Stephanie Byrd,male,35,Bachelor,6,Quezon City,2026-01-25,41.8,Rejected
APP00130,JP0006,David Douglas Jr.,Female,23,BS,1,Cebu City,01/28/2026,61.1,Screened
APP01167,JP0046,Monica Anderson,M,27,MS,0,Davao City,04/02/2026,70.0,Rejected
APP01150,JP0045,Amber Walker,female,21,M.S.,1,Taguig,01-Apr-26,62.1,Interviewed
APP01292,JP0050,Christine Lopez,M,29,HS Graduate,5,Quezon City,04/21/2026,54.0,Screened
APP02603,JP0099,Timothy Bentley DVM,M,31,Bachelors,3,,16-Jul-26,81.5,Screened
APP00540,JP0021,Donna Frye,F,25,Master's Degree,0,Makati,02/26/2026,75.7,Offered
APP01723,JP0066,Mr. Joel Peters,M,34,Associate Degree,3,Iloilo City,16-May-26,69.7,Interviewed
APP02608,JP0099,Sydney Sanders,Male,,Associate Degree,1,Quezon City,07/19/2026,46.8,Rejected
APP01344,JP0052,Melissa Mann,F,27,MS,2,Pasig,09-Apr-26,92.0,Hired
APP00930,JP0036,Vickie Anderson,M,42,Bachelor's Degree,14,Iloilo City,2026-03-15,71.4,Offered
APP00576,JP0023,Daniel Bush,Female,34,B.S.,12,Iloilo City,2026-03-01,84.5,Screened
APP00518,JP0020,Christopher Morris,Male,33,Associate,7,Davao City,2026-02-19,48.0,Applied
APP01224,JP0048,Nicole Richards,Male,23,Vocational,0,Makati,2026-04-05,35.8,Rejected
APP01038,JP0040,William Ramos,female,36,Master,10,Cebu City,2026-03-21,49.7,Rejected
APP01735,JP0067,Joshua Richardson,M,35,Bachelors,7,Quezon City,05/12/2026,58.2,Rejected
APP01545,JP0060,Samuel Keller,Female,20,Associate Degree,0,Pasig,24-Apr-26,50.7,Screened
APP00249,JP0010,Frank Cordova,F,23,Bachelor's Degree,0,Quezon City,01/25/2026,40.1,Rejected
APP01103,JP0043,Nicholas Lawrence,F,31,Bachelors,2,Pasig,22-Mar-26,61.7,Screened
APP01073,JP0042,Eugene Baldwin,Male,36,Master,7,Davao City,2026-03-24,37.8,Rejected
APP02565,JP0098,Lee Richards,F,33,Associate Degree,2,,06-Jul-26,62.7,Interviewed
APP01717,JP0066,Bethany Garcia,female,20,Associate Degree,0,Taguig,"May 20, 2026",78.5,Offered
APP02037,JP0078,Ashley King,Non-binary,43,Bachelors,8,Iloilo City,2026-05-30,74.2,Interviewed
APP01126,JP0044,James Howard,Male,23,B.S.,0,Taguig,2026-04-03,48.4,Applied
APP00352,JP0014,Victor Brown,female,29,Bachelor's Degree,3,Taguig,24-Jan-26,61.9,Rejected
APP00674,JP0026,Connie Turner,male,33,Bachelor's Degree,8,Cebu City,20-Feb-26,72.8,Screened
APP00821,JP0032,Mark Beard,Male,35,MS,3,Makati,2026-03-05,66.7,Interviewed
APP00016,JP0001,Anthony Rodriguez,F,20,Master's Degree,0,,2026-01-06,,Rejected
APP00607,JP0024,Tammy Mcdowell,Prefer not to say,41,Bachelors,10,Mandaluyong,2026-02-14,75.4,Interviewed
APP02628,JP0100,Kelly Pena,Male,22,Bachelor,4,Quezon City,"Jul 10, 2026",82.1,Interviewed
APP01793,JP0069,Christopher Jones,male,,BS,0,Davao City,2026-05-19,40.9,Screened
APP00131,JP0006,Jose Schultz,female,43,B.S.,13,Pasig,"Jan 23, 2026",60.2,Screened
APP01420,JP0055,Emily Reed,F,38,Master,6,Davao City,2026-04-28,,Screened
APP01436,JP0056,John Lee,male,35,Bachelors,5,Iloilo City,26-Apr-26,65.3,Rejected
APP00707,JP0027,Jonathan Brooks,female,20,Associate,0,Taguig,04-Mar-26,77.7,Screened
APP02196,JP0084,Elizabeth Matthews,Female,37,Associate,4,Mandaluyong,03-Jun-26,47.7,Rejected
APP02320,JP0089,Luke Ray,Male,30,Bachelor,4,Quezon City,"Jun 26, 2026",48.2,Screened
APP01353,JP0052,Andrew Cruz,F,29,Associate,1,Cebu City,22-Apr-26,79.7,Interviewed
APP00783,JP0030,Jorge Stone,male,28,Bachelor's Degree,0,Cebu City,"Mar 06, 2026",69.9,Interviewed
APP00168,JP0007,Jason Stein,F,31,Bachelor's Degree,5,Quezon City,"Jan 27, 2026",72.1,Interviewed
APP00445,JP0018,Tracy Montoya,Male,34,M.S.,0,Cebu City,08-Feb-26,68.2,Screened
APP00710,JP0027,William Harrison,M,23,BS,1,Davao City,27-Feb-26,93.2,Hired
APP00911,JP0035,Sherry Tapia,female,31,Master,8,Cebu City,2026-03-10,74.5,Interviewed
APP02130,JP0082,David Davis,female,34,Associate,7,Mandaluyong,"May 29, 2026",82.3,Interviewed
APP01111,JP0043,Brian Gonzalez,M,35,Bachelor's Degree,5,Quezon City,2026-03-27,,Rejected
APP02455,JP0094,Yolanda Murillo,Prefer not to say,27,Bachelor's Degree,0,Makati,06/30/2026,36.3,Applied
APP01220,JP0048,Jessica Garcia,M,20,Bachelor,0,Taguig,04/01/2026,63.6,Screened
APP00314,JP0013,Jordan Bates,F,23,Master's Degree,1,Makati,"Jan 23, 2026",31.9,Applied
APP02262,JP0086,Jason Mack,Non-binary,40,Associate Degree,8,Mandaluyong,2026-06-20,50.5,Rejected
APP01646,JP0064,Sandy Evans,F,20,Bachelor's Degree,0,Quezon City,16-May-26,55.3,Screened
APP01407,JP0054,Robert Thompson,Female,31,M.S.,5,Quezon City,2026-04-25,80.5,Interviewed
APP01638,JP0063,Michael Carr,F,32,Associate,3,Taguig,05/11/2026,,Screened
APP00144,JP0006,Stephanie Manning,female,20,Master,0,Davao City,01/19/2026,42.3,Applied
APP02464,JP0094,Elijah Short,M,20,BS,1,Davao City,2026-07-09,33.8,Applied
APP01524,JP0059,Frank Wheeler,Male,20,MS,0,Iloilo City,05/03/2026,60.2,Applied
APP02001,JP0077,Nicole Williams,Male,26,HS Graduate,3,Taguig,05/26/2026,,Hired
APP01424,JP0055,David Torres,male,39,Associate Degree,10,Cebu City,04/18/2026,47.1,Rejected
APP00344,JP0014,Michael Farrell,Female,30,Master,5,Cebu City,01/31/2026,,Applied
APP01572,JP0061,Nicolas James,F,28,M.S.,4,Davao City,04/30/2026,42.8,Rejected
APP00219,JP0009,Dr. William Warren,female,36,Bachelors,4,Pasig,2026-02-01,,Interviewed
APP01469,JP0057,Matthew Miles,female,27,Bachelor,0,Quezon City,2026-04-25,87.5,Interviewed
APP02199,JP0084,Matthew White,M,,M.S.,5,Quezon City,2026-06-07,64.9,Screened
APP02023,JP0078,Laura Alvarez,male,40,Master's Degree,8,Cebu City,06/04/2026,56.9,Applied
APP01251,JP0049,Ian Torres,F,24,Bachelor,0,Mandaluyong,04/04/2026,52.8,Applied
APP00070,JP0003,Richard Aguirre,M,38,Master's Degree,11,Davao City,01/17/2026,58.8,Interviewed
APP02124,JP0081,Melissa Mccormick,male,31,B.S.,5,Quezon City,01-Jun-26,67.0,Interviewed
APP01848,JP0072,Aaron Young,Male,27,BS,0,Pasig,27-May-26,79.3,Offered
APP00241,JP0010,Lori Guerrero,female,,Master's Degree,12,Iloilo City,2026-02-02,87.3,Offered
APP01343,JP0052,Suzanne Bailey,Male,59,BS,20,Quezon City,25-Apr-26,61.8,Rejected
APP00854,JP0033,Michael Miller,Female,26,MS,3,Pasig,03/12/2026,56.7,Rejected
APP02205,JP0084,Abigail Wilson,Prefer not to say,45,Bachelors,13,Quezon City,06/14/2026,41.5,Applied
APP02191,JP0083,Jordan Nelson,Female,42,Associate Degree,13,Mandaluyong,2026-06-03,79.1,Screened
APP02283,JP0087,Robert Vargas,female,20,Bachelors,0,Davao City,26-Jun-26,47.5,Screened
APP00060,JP0003,William Baker,F,32,Vocational,5,Davao City,19-Jan-26,44.5,Rejected
APP02524,JP0096,Judith Bartlett,F,29,BS,2,Makati,2026-06-23,62.7,Screened
APP02466,JP0094,Nancy Gaines,M,,Bachelors,9,Mandaluyong,06/21/2026,27.0,Rejected
APP00864,JP0033,Elizabeth Holmes,M,26,Associate Degree,1,Pasig,03/09/2026,64.5,Screened
APP01154,JP0045,Robert West,female,29,Bachelor,3,Cebu City,08-Apr-26,53.9,Rejected
APP02099,JP0081,Katherine Brooks,Male,41,Master's Degree,8,Quezon City,2026-06-06,100.0,Screened
APP00894,JP0034,Nathan Nelson,F,39,M.S.,6,Pasig,"Mar 12, 2026",48.0,Screened
APP01797,JP0069,Scott Anderson,M,26,Bachelor,0,Iloilo City,"May 07, 2026",55.8,Rejected
APP01141,JP0044,Rebekah Gregory,Male,,Bachelor's Degree,2,Cebu City,25-Mar-26,44.2,Rejected
APP01814,JP0070,Joseph Woodward,Female,46,Master's Degree,11,Iloilo City,"May 26, 2026",66.3,Screened
APP01609,JP0062,Susan Cunningham,M,,Bachelor's Degree,6,Quezon City,04/23/2026,,Rejected
APP00280,JP0012,Nathan Malone,Male,39,Bachelor,6,Cebu City,"Jan 30, 2026",71.5,Screened
APP01841,JP0071,Pamela Watkins,male,36,Vocational,8,Davao City,24-May-26,57.8,Rejected
APP02289,JP0087,Douglas Rose,Male,34,MS,5,Taguig,06/22/2026,80.1,Screened
APP01274,JP0050,Mr. Daniel Martin,M,28,Master,4,Cebu City,05-Apr-26,57.8,Rejected
APP01218,JP0048,Michele Cherry,Female,22,Bachelors,2,,04/17/2026,56.5,Screened
APP00989,JP0038,Angela Jackson,M,24,Bachelors,3,Iloilo City,2026-03-26,33.9,Rejected
APP02388,JP0092,Kyle Keller,Male,38,Bachelor,8,Iloilo City,26-Jun-26,49.6,Rejected
APP00461,JP0018,Jeremy Mitchell,male,29,Master's Degree,2,Mandaluyong,"Feb 10, 2026",100.0,Hired
APP00507,JP0020,Joshua Vance,female,,Bachelor,11,Quezon City,"Feb 13, 2026",,Screened
APP00082,JP0004,Angela Lopez,M,35,B.S.,8,Pasig,2026-01-14,79.5,Offered
APP00502,JP0020,Hannah Everett,M,27,Associate Degree,0,Iloilo City,2026-02-12,37.9,Rejected
APP01304,JP0051,Michael Fitzgerald,Female,29,M.S.,6,Makati,04/18/2026,40.2,Rejected
APP02133,JP0082,Nancy Scott,Female,44,Bachelor's Degree,15,Mandaluyong,2026-06-08,64.9,Rejected
APP01259,JP0049,Nicholas Humphrey,Male,22,BS,5,Iloilo City,03/29/2026,42.8,Rejected
APP02166,JP0083,Christine Williams,male,22,Bachelor's Degree,2,Taguig,"Jun 16, 2026",51.5,Rejected
APP01714,JP0066,Jessica Cobb,Male,30,Bachelor,0,Taguig,05/15/2026,75.2,Screened
APP02221,JP0085,Nancy Larson,F,20,M.S.,0,Iloilo City,25-Jun-26,67.7,Rejected
APP00467,JP0019,Evelyn Martinez,F,26,Bachelor's Degree,0,Quezon City,02/20/2026,52.4,Rejected
APP02475,JP0094,Stacey Clark,F,29,Vocational,2,Pasig,2026-06-30,77.2,Interviewed
APP00425,JP0017,Rhonda Martin,male,33,Bachelors,4,Pasig,13-Feb-26,22.2,Applied
APP01208,JP0047,Heather Bowers,female,25,M.S.,4,Makati,07-Apr-26,42.9,Applied
APP01566,JP0060,Tyler Salazar,female,40,MS,10,Cebu City,2026-04-21,,Rejected
APP00155,JP0007,Alyssa Long,M,29,Bachelors,4,Quezon City,25-Jan-26,55.8,Rejected
APP00068,JP0003,John Daniel,Female,34,Vocational,5,Mandaluyong,"Jan 17, 2026",57.9,Interviewed
APP00538,JP0021,Marilyn Wang,Female,27,High School Graduate,4,Cebu City,02/10/2026,79.8,Hired
APP00050,JP0002,Eric Carney,M,32,BS,5,Taguig,"Jan 13, 2026",53.3,Applied
APP02418,JP0092,Kenneth Walsh,Male,25,Bachelors,6,Davao City,2026-06-18,31.1,Rejected
APP01878,JP0073,Justin Smith,F,31,B.S.,2,Iloilo City,05/26/2026,73.0,Interviewed
APP00040,JP0002,Joshua Blair,M,46,Vocational,10,Iloilo City,2026-01-19,44.2,Applied
APP02244,JP0086,Michael Robertson,Female,20,Associate Degree,0,Iloilo City,06/14/2026,65.2,Interviewed
APP01031,JP0040,Jimmy Marks,F,26,Bachelors,0,Pasig,"Mar 23, 2026",81.8,Interviewed
APP02559,JP0097,Jackie Jones,Male,21,M.S.,0,Cebu City,"Jul 13, 2026",34.6,Applied
APP01015,JP0039,Mary Miller,F,29,Vocational,3,Quezon City,03/24/2026,47.4,Screened
APP00024,JP0001,Judy Baker,male,20,B.S.,0,Pasig,2026-01-12,45.4,Rejected
APP00698,JP0027,Jose Crawford,Male,20,M.S.,0,Makati,"Feb 21, 2026",98.2,Hired
APP01807,JP0070,Katherine Brown,male,29,B.S.,6,Makati,"May 16, 2026",45.6,Rejected
APP02261,JP0086,Jim Skinner,Female,28,Bachelor's Degree,0,Davao City,11-Jun-26,56.8,Screened
APP00612,JP0024,Michael Lopez,M,26,Bachelors,3,Cebu City,24-Feb-26,62.5,Screened
APP01757,JP0068,Grace Miller,female,38,BS,4,Taguig,17-May-26,64.0,Screened
APP00371,JP0015,Laurie Hoffman,male,23,Bachelor's Degree,0,Cebu City,02/10/2026,88.5,Interviewed
APP01202,JP0047,Jonathan Perry,Female,23,Bachelor's Degree,1,Quezon City,2026-04-09,36.4,Applied
APP02605,JP0099,Jonathan Swanson,M,33,Vocational,8,Makati,08-Jul-26,,Screened
APP02057,JP0079,Daniel Flynn,male,26,MS,0,Quezon City,29-May-26,58.9,Screened
APP01449,JP0056,Vickie Kennedy,M,36,MS,11,Taguig,04/12/2026,50.0,Rejected
APP01896,JP0073,Zachary Vargas PhD,M,34,B.S.,5,Cebu City,06/02/2026,74.2,Screened
APP02314,JP0089,Catherine Smith,M,26,Senior High,0,Quezon City,"Jun 24, 2026",41.8,Rejected
APP00804,JP0031,Carol Taylor,Non-binary,20,B.S.,0,Makati,03/17/2026,23.7,Rejected
APP00909,JP0035,Robert Haynes,male,28,B.S.,1,Makati,2026-03-22,68.5,Rejected
APP00248,JP0010,Andrew Avila,Female,21,B.S.,0,Mandaluyong,28-Jan-26,63.2,Rejected
APP01439,JP0056,Brian Chen,F,35,Bachelor's Degree,5,Iloilo City,2026-04-16,35.6,Applied
APP00588,JP0023,Gregory Peck,Female,37,High School Graduate,6,Davao City,20-Feb-26,75.5,Screened
APP02180,JP0083,Stacy Johnson,F,26,Master's Degree,7,Quezon City,2026-06-07,56.7,Screened
APP01487,JP0057,Patty Allen,Non-binary,38,Bachelor's Degree,6,Cebu City,2026-04-19,54.7,Rejected
APP02255,JP0086,Robert Gutierrez,M,41,Bachelor's Degree,10,Mandaluyong,2026-06-13,58.1,Rejected
APP01441,JP0056,Stephen Boyer,female,28,Bachelor's Degree,4,Mandaluyong,2026-04-12,42.9,Rejected
APP00346,JP0014,Ana Hill,Female,24,BS,2,Mandaluyong,"Feb 11, 2026",67.0,Screened
APP02439,JP0093,Alvin Wilson,F,32,Associate,4,Makati,2026-06-21,52.5,Screened
APP01415,JP0055,Erika Alvarez,female,,B.S.,7,,19-Apr-26,63.5,Interviewed
APP02646,JP0100,Donald Peterson,Male,43,Associate,7,Makati,"Jul 05, 2026",66.0,Screened
APP00860,JP0033,Alexandra Dominguez,Male,45,Senior High,10,,"Mar 14, 2026",98.1,Hired
APP01180,JP0046,John Duncan,Male,39,BS,9,,03/30/2026,33.1,Applied
APP01431,JP0055,Kimberly Johnson,M,22,Bachelors,0,Pasig,04/12/2026,85.2,Interviewed
APP00810,JP0031,Robert Gonzales,female,22,B.S.,0,,02-Mar-26,35.7,Applied
APP00813,JP0032,Michael Young,Female,34,Bachelors,1,Cebu City,15-Mar-26,40.2,Rejected
APP00943,JP0036,Joel Jackson,male,32,Bachelor,7,Iloilo City,03/17/2026,50.4,Screened
APP02176,JP0083,Bonnie Wade,Female,32,Bachelor,3,Quezon City,2026-06-12,40.9,Applied
APP02336,JP0090,Aaron Marshall,M,23,M.S.,1,Quezon City,01-Jul-26,45.2,Rejected
APP00756,JP0029,Rachel Jones,M,25,Vocational,4,Makati,03/08/2026,47.8,Applied
APP00542,JP0021,Emma Owens,Female,24,BS,0,Quezon City,19-Feb-26,61.9,Screened
APP00939,JP0036,Joshua Washington,male,27,Associate,1,Iloilo City,09-Mar-26,24.9,Rejected
APP01201,JP0047,Paul Johnson,F,43,Vocational,9,Pasig,03/30/2026,79.8,Interviewed
APP02449,JP0093,David Robles,male,25,Senior High,4,Makati,"Jun 24, 2026",77.5,Hired
APP01998,JP0077,Michael Webster,M,20,MS,0,Iloilo City,23-May-26,76.8,Interviewed
APP02393,JP0092,Melissa Patel MD,F,25,Master,0,Davao City,21-Jun-26,94.1,Hired
APP01610,JP0062,Becky Wilson,Male,36,Bachelors,3,Quezon City,2026-05-07,56.1,Rejected
APP01507,JP0058,Tammy Moore,male,26,Bachelor,0,Iloilo City,"Apr 20, 2026",31.7,Rejected
APP01590,JP0061,Andrea Ho,male,34,Bachelor's Degree,5,Quezon City,2026-04-28,52.7,Rejected
APP01651,JP0064,Elizabeth Hunter,F,31,Bachelors,3,Makati,05/07/2026,71.8,Interviewed
APP00121,JP0005,Michelle Harmon,M,30,Vocational,7,Pasig,01/29/2026,18.9,Applied
APP00828,JP0032,Danielle Watson,Male,35,B.S.,7,Makati,03/05/2026,29.2,Rejected
APP01307,JP0051,Laura Wilson,female,28,Senior High,4,Mandaluyong,2026-04-03,45.4,Rejected
APP00399,JP0016,Lori Hernandez,Male,37,Master,8,Davao City,19-Feb-26,47.4,Applied
APP02527,JP0096,Louis Patrick,Female,27,Master's Degree,0,Taguig,2026-07-01,64.1,Screened
APP01392,JP0054,Justin Frederick,Male,29,Master's Degree,0,Quezon City,"Apr 22, 2026",68.7,Rejected
APP01787,JP0069,Michael White,Male,29,Associate,0,Makati,25-May-26,69.0,Interviewed
APP00500,JP0020,James Bradley,male,29,M.S.,5,Quezon City,"Feb 22, 2026",,Offered
APP01768,JP0068,Alexandra Ho,female,26,MS,2,Iloilo City,2026-05-15,45.8,Applied
APP00357,JP0014,Anthony Harmon,Male,,Master's Degree,0,Iloilo City,08-Feb-26,76.9,Interviewed
APP01980,JP0076,Zachary Jones,Female,31,Bachelor's Degree,4,Cebu City,"Jun 08, 2026",87.8,Hired
APP00303,JP0013,Amber Obrien,male,20,MS,1,Makati,02/01/2026,82.0,Offered
APP02187,JP0083,Abigail Booker,female,,Vocational,3,Quezon City,2026-06-14,59.8,Screened
APP02638,JP0100,Angel Aguirre,M,35,Master's Degree,2,Pasig,10-Jul-26,39.0,Rejected
APP01732,JP0067,Nicholas Terrell,M,36,Bachelor's Degree,9,Cebu City,06-May-26,59.7,Screened
APP01393,JP0054,Eddie Adams,female,22,BS,2,Davao City,07-Apr-26,51.4,Applied
APP02141,JP0082,Andrew Anderson,Female,39,Bachelors,7,Davao City,06/13/2026,45.1,Applied
APP00222,JP0009,Courtney Mills,F,36,Bachelor's Degree,1,Makati,2026-01-27,40.7,Applied
APP01300,JP0050,Travis Hopkins,F,32,Bachelor's Degree,6,Mandaluyong,2026-04-17,81.5,Screened
APP01270,JP0050,Carrie Valdez,Female,23,Bachelor,0,Quezon City,"Apr 13, 2026",60.6,Screened
APP00453,JP0018,Phillip Nelson,Male,28,Master,0,Iloilo City,2026-02-22,56.9,Screened
APP02323,JP0089,Kenneth Knight,male,33,High School Graduate,5,Cebu City,22-Jun-26,77.9,Interviewed
APP00075,JP0004,Zachary Ferrell,Male,,Master,9,Mandaluyong,"Jan 25, 2026",57.6,Rejected
APP02129,JP0081,Cynthia Clark,Female,20,BS,1,Quezon City,06/09/2026,56.8,Rejected
APP00600,JP0024,Lisa Perry,M,35,M.S.,4,Taguig,02/15/2026,49.6,Applied
APP00257,JP0011,Kimberly Gibson,female,30,Bachelor,8,Mandaluyong,02/01/2026,55.7,Rejected
APP01951,JP0075,Heather Hernandez,M,30,Master's Degree,3,Pasig,17-May-26,79.0,Screened
APP00289,JP0012,David Smith,female,21,Bachelor,0,Quezon City,02/08/2026,45.2,Screened
APP01243,JP0048,David Hughes,male,29,BS,0,Mandaluyong,04/03/2026,56.3,Screened
APP00735,JP0029,Margaret Miller,male,36,B.S.,7,Cebu City,2026-03-08,35.0,Rejected
APP00440,JP0017,Gwendolyn Klein,male,41,Master,9,Mandaluyong,2026-02-03,89.5,Interviewed
APP00471,JP0019,Lori Ingram,F,34,Master's Degree,5,Mandaluyong,02/19/2026,70.0,Screened
APP01569,JP0060,Mary Miller,Female,,Bachelor,9,,"Apr 20, 2026",34.2,Applied
APP01039,JP0040,Samantha Robertson,female,31,B.S.,1,Quezon City,03/15/2026,42.3,Rejected
APP02200,JP0084,Michael Moore,male,29,Bachelor,11,Makati,08-Jun-26,81.1,Interviewed
APP02570,JP0098,Ryan Rivera,F,24,M.S.,0,Iloilo City,"Jul 15, 2026",54.0,Rejected
APP02580,JP0098,Virginia Hall,Male,26,Bachelors,0,,"Jul 03, 2026",70.9,Interviewed
APP01008,JP0039,Kathryn Lester,Male,24,BS,0,Makati,2026-03-17,36.0,Applied
APP02596,JP0099,Nicholas Scott,Prefer not to say,32,MS,7,,07/01/2026,,Offered
APP02447,JP0093,Alisha Byrd,M,27,Bachelors,0,Makati,30-Jun-26,40.7,Applied
APP00180,JP0008,Madison Poole,female,26,Master's Degree,6,Taguig,01/19/2026,64.4,Screened
APP01091,JP0043,Nicholas Carlson,female,22,Bachelor's Degree,0,Pasig,03/30/2026,58.6,Screened
APP00286,JP0012,Shannon James,Male,35,Bachelor,2,Pasig,2026-01-25,78.9,Screened
APP01579,JP0061,Patrick Mcneil,Male,30,Associate,2,Quezon City,02-May-26,63.6,Rejected
APP00942,JP0036,Edward Jenkins,Male,31,Bachelors,3,Quezon City,07-Mar-26,54.1,Screened
APP02019,JP0077,Charles Morales,Female,37,Bachelor's Degree,1,Cebu City,26-May-26,33.5,Rejected
APP01157,JP0045,Mason Moore,Male,22,Master's Degree,0,Makati,03/31/2026,86.0,Screened
APP00006,JP0001,Lisa Jackson,female,35,Bachelor's Degree,9,Davao City,"Jan 07, 2026",57.9,Rejected
APP00625,JP0024,David Molina,Male,29,HS Graduate,0,Cebu City,22-Feb-26,67.1,Rejected
APP00629,JP0025,Courtney Smith,F,43,B.S.,6,Makati,"Feb 21, 2026",54.1,Screened
APP01821,JP0071,Michael Tran,M,43,Bachelors,16,Mandaluyong,24-May-26,60.0,Rejected
APP00243,JP0010,Laura Roberts,Male,31,Associate Degree,9,Davao City,01/25/2026,66.4,Screened
APP00797,JP0031,Krista Wilson,F,30,Bachelor,7,Davao City,"Mar 01, 2026",,Rejected
APP02131,JP0082,Pamela Hernandez DVM,female,30,BS,1,Davao City,2026-06-12,,Applied
APP02292,JP0087,Kelly Phillips,Male,25,M.S.,0,Quezon City,06/09/2026,,Interviewed
APP01291,JP0050,Heather Parrish,male,32,BS,4,Quezon City,"Apr 06, 2026",56.7,Rejected
APP02015,JP0077,Scott Lopez,F,29,BS,1,Iloilo City,"Jun 09, 2026",39.7,Applied
APP00956,JP0037,Francis Robinson,M,33,B.S.,0,Davao City,2026-03-09,100.0,Hired
APP00657,JP0026,Kristen Rowe,male,28,Bachelor,3,Davao City,2026-02-26,23.9,Applied
APP01754,JP0068,Nicole Acosta,female,27,M.S.,7,Makati,05/20/2026,83.7,Hired
APP01888,JP0073,Richard Wood,F,37,B.S.,6,Taguig,"May 14, 2026",,Screened
APP01957,JP0075,Sandra Torres,M,31,MS,5,Makati,17-May-26,32.6,Rejected
APP01565,JP0060,William Mason,Male,37,Bachelors,8,Taguig,04/24/2026,58.2,Rejected
APP00207,JP0009,Bailey Duran DDS,female,41,Bachelor's Degree,13,Makati,2026-01-31,42.0,Rejected
APP00606,JP0024,Jennifer Simpson DVM,M,29,Senior High,0,Cebu City,18-Feb-26,85.6,Offered
APP01016,JP0039,Matthew Davis MD,Male,23,Bachelor,0,Quezon City,2026-03-15,52.1,Screened
APP01342,JP0052,Theresa Wilkins,male,30,B.S.,7,Quezon City,04/08/2026,71.1,Interviewed
APP00311,JP0013,Sara Fuller,Female,28,Associate,3,Quezon City,30-Jan-26,75.7,Interviewed
APP01973,JP0076,Francisco Johns,M,33,Master's Degree,5,Taguig,05/30/2026,70.3,Interviewed
APP02039,JP0078,Richard Schneider,Male,,Master,10,Cebu City,28-May-26,88.9,Offered
APP00785,JP0030,Amy Garcia,M,32,Bachelor,0,Cebu City,28-Feb-26,43.7,Applied
APP01897,JP0073,Brian Mendoza,Male,24,M.S.,5,Iloilo City,05/15/2026,,Rejected
APP02223,JP0085,Michael Smith,Male,,Bachelor's Degree,0,Taguig,"Jun 25, 2026",58.2,Applied
APP00356,JP0014,Kayla Rodriguez,female,39,Associate Degree,8,Cebu City,05-Feb-26,54.0,Screened
APP01872,JP0073,Rachel Little,M,22,BS,0,Quezon City,2026-05-20,83.5,Offered
APP00786,JP0030,Chelsea Nguyen,F,38,BS,7,Taguig,2026-02-25,41.0,Applied
APP00634,JP0025,Molly Rodriguez,M,29,M.S.,6,Davao City,2026-02-24,46.8,Applied
APP02351,JP0090,Brian Garcia,male,28,Master,6,Quezon City,"Jun 11, 2026",77.7,Hired
APP02502,JP0095,Mary Kennedy,male,33,Bachelor,7,Cebu City,23-Jun-26,,Hired
APP01500,JP0058,Eric Blackburn,Male,29,Associate,6,Taguig,16-Apr-26,100.0,Hired
APP01115,JP0043,Michael Sims,Male,32,Bachelor's Degree,0,Cebu City,23-Mar-26,59.2,Screened
APP00986,JP0038,Carmen Preston,male,32,Bachelor,6,Makati,16-Mar-26,26.9,Applied
APP01176,JP0046,Jennifer Adkins,Male,36,Bachelors,6,Quezon City,24-Mar-26,41.2,Rejected
APP01744,JP0067,Cynthia Shaw,F,32,BS,9,Davao City,"May 06, 2026",66.7,Screened
APP02246,JP0086,Gerald Kelly,Male,45,B.S.,10,Davao City,"Jun 19, 2026",60.5,Screened
APP00187,JP0008,Debra Christian,F,24,Bachelor's Degree,2,Makati,"Jan 18, 2026",60.1,Applied
APP00178,JP0008,Nicole Herring,Female,23,Bachelor's Degree,1,Iloilo City,"Jan 31, 2026",86.0,Hired
APP01026,JP0040,Joseph Cooper,male,23,B.S.,0,Iloilo City,03/16/2026,75.2,Interviewed
APP01278,JP0050,Kimberly Lutz,Female,31,Bachelors,3,Cebu City,2026-04-12,91.6,Interviewed
APP01745,JP0067,John Vaughn,F,27,Bachelors,0,Davao City,"May 16, 2026",61.8,Rejected
APP02127,JP0081,Juan Parker,male,35,Bachelor,4,Quezon City,2026-06-16,72.4,Screened
APP00858,JP0033,Lori Mason,F,42,BS,10,Cebu City,2026-03-02,,Applied
APP00672,JP0026,Nathaniel Lee,female,20,B.S.,0,Davao City,03-Mar-26,57.3,Screened
APP00139,JP0006,Cameron Fisher,F,,Bachelor's Degree,0,Quezon City,30-Jan-26,67.1,Interviewed
APP00348,JP0014,Allison Smith,M,35,M.S.,6,Makati,2026-02-04,74.7,Interviewed
APP02624,JP0100,Deanna Barrera,F,31,Senior High,8,Quezon City,2026-07-08,69.1,Interviewed
APP02183,JP0083,Billy Tate,Female,29,Associate Degree,3,Cebu City,"Jun 10, 2026",58.2,Interviewed
APP01195,JP0047,Michael Gonzalez,F,,Bachelor's Degree,0,Taguig,"Apr 17, 2026",83.2,Interviewed
APP00333,JP0013,Carlos Ryan,male,27,High School Graduate,0,Cebu City,"Feb 09, 2026",67.8,Screened
APP00636,JP0025,Randy Cannon,female,29,Bachelor's Degree,6,Cebu City,"Feb 25, 2026",64.2,Screened
APP00360,JP0015,Mr. Andrew Foster,Male,39,Associate Degree,16,,01/31/2026,29.2,Applied
APP02235,JP0085,Daniel Stout,F,40,MS,11,Davao City,2026-06-21,43.8,Applied
APP02468,JP0094,Jacqueline Pierce,Female,20,B.S.,3,Cebu City,"Jun 29, 2026",65.6,Rejected
APP00931,JP0036,Jill Anderson,Female,29,M.S.,3,Taguig,"Mar 25, 2026",64.1,Screened
APP00189,JP0008,Michael Wang,Male,29,Associate,1,Quezon City,"Jan 20, 2026",84.9,Offered
APP00428,JP0017,Jenna Larson,F,41,Bachelor's Degree,10,Taguig,2026-02-04,58.7,Screened
APP02567,JP0098,Erin Ramirez,female,27,Master,1,Quezon City,2026-07-17,65.8,Rejected
APP01975,JP0076,Mr. Thomas Garcia,female,31,B.S.,3,Cebu City,05/29/2026,58.5,Rejected
APP02441,JP0093,Nicholas Cisneros,M,,MS,8,Makati,07-Jul-26,58.5,Rejected
APP02520,JP0096,Cynthia Harrell,Male,21,Master,0,Mandaluyong,"Jul 05, 2026",61.2,Rejected
APP00190,JP0008,Lindsay Martinez,Male,31,Bachelors,4,Davao City,22-Jan-26,60.1,Screened
APP01527,JP0059,Justin Freeman,F,,Master,2,Pasig,04/21/2026,48.1,Rejected
APP02135,JP0082,Sandy Adkins,Female,31,B.S.,5,Taguig,06/02/2026,44.5,Applied
APP01853,JP0072,Patrick Buckley,Male,40,Associate Degree,8,Mandaluyong,"May 28, 2026",54.3,Rejected
APP01241,JP0048,Brittany Stevens,Male,32,HS Graduate,0,Iloilo City,04/19/2026,49.7,Screened
APP01236,JP0048,Brandy Myers,M,38,BS,8,Quezon City,2026-04-08,17.9,Applied
APP00963,JP0037,Renee Wolfe,F,27,Bachelors,0,Cebu City,16-Mar-26,72.6,Interviewed
APP02602,JP0099,Jeffrey Scott,male,30,Bachelors,0,Taguig,2026-07-10,53.9,Screened
APP02022,JP0078,Christina Bates,F,20,Vocational,0,Cebu City,05/27/2026,60.8,Rejected
APP00475,JP0019,Lance Simmons,F,28,Bachelor's Degree,0,Taguig,02/20/2026,,Rejected
APP00893,JP0034,Kristen Sloan,female,31,Bachelor,7,Cebu City,03/02/2026,,Rejected
APP01003,JP0039,Megan Oliver,male,30,Master's Degree,0,Davao City,24-Mar-26,35.8,Rejected
APP00970,JP0038,Nicholas Rush,male,41,B.S.,11,Iloilo City,2026-03-13,77.3,Screened
APP02409,JP0092,David Peterson,F,26,Bachelor,3,Taguig,"Jul 04, 2026",56.1,Screened
APP01147,JP0045,Glenn Gallegos,F,35,Bachelor,12,Iloilo City,2026-04-13,30.7,Rejected
APP01852,JP0072,Timothy Gibson,male,33,Vocational,7,Davao City,05/29/2026,33.3,Applied
APP01681,JP0065,Linda Miller,Male,31,B.S.,5,Cebu City,2026-04-27,76.9,Interviewed
APP00126,JP0006,Helen Jones,female,23,Associate,6,Pasig,14-Jan-26,92.1,Hired
APP00117,JP0005,Victor Baker,female,20,B.S.,0,Makati,2026-01-22,,Applied
APP02473,JP0094,Jennifer Sullivan,male,44,Bachelor's Degree,15,Cebu City,10-Jul-26,28.8,Applied
APP00278,JP0012,Tammie Bright,male,20,Bachelor,0,Cebu City,2026-02-09,68.1,Screened
APP02381,JP0091,Dean Mullins,Male,33,Master's Degree,3,Taguig,06/12/2026,68.3,Interviewed
APP02511,JP0096,Keith Long,Male,25,HS Graduate,4,Iloilo City,08-Jul-26,64.6,Screened
APP02058,JP0079,Elizabeth Brock,Female,41,Bachelor's Degree,9,Cebu City,05/28/2026,63.2,Applied
APP02496,JP0095,Jose Hartman,male,39,Senior High,10,Pasig,2026-06-22,80.8,Offered
APP02098,JP0081,Theodore Long,F,24,BS,0,Mandaluyong,2026-06-11,55.5,Interviewed
APP00918,JP0035,Kelly Haynes,M,29,Master's Degree,0,Davao City,"Mar 17, 2026",68.2,Interviewed
APP01266,JP0049,David Walker,Male,38,Master,2,Mandaluyong,2026-03-28,53.1,Rejected
APP01882,JP0073,Justin Jones,female,24,B.S.,4,Mandaluyong,05/28/2026,39.2,Rejected
APP00379,JP0015,Courtney Rodriguez,female,20,Bachelors,2,Taguig,"Feb 12, 2026",60.2,Interviewed
APP01535,JP0059,Danielle Jones,F,36,Bachelor,2,Taguig,"Apr 23, 2026",47.0,Rejected
APP00568,JP0022,Nicole Gonzalez,female,23,Associate Degree,0,,02/18/2026,62.1,Screened
APP02530,JP0096,Desiree Smith,M,30,Bachelors,5,Taguig,2026-06-24,85.4,Screened
APP01861,JP0072,Joseph Davis,M,46,BS,12,Davao City,05/19/2026,68.2,Offered
APP00937,JP0036,Alison Brown,Male,35,Master,11,Quezon City,03/19/2026,80.3,Interviewed
APP01445,JP0056,Joel Wise,Male,39,Bachelor,8,Davao City,12-Apr-26,46.7,Rejected
APP00221,JP0009,Joseph Coleman,M,20,Bachelor,0,,20-Jan-26,77.4,Interviewed
APP02421,JP0093,Cory Willis,M,40,B.S.,5,Quezon City,"Jun 21, 2026",56.4,Rejected
APP01909,JP0074,Donald Terry,female,24,Master,2,Cebu City,"May 13, 2026",67.5,Interviewed
APP00120,JP0005,Larry Dixon,M,29,Bachelor's Degree,0,Iloilo City,"Jan 19, 2026",31.9,Applied
APP00277,JP0012,Shelia Wallace,Male,26,HS Graduate,2,Davao City,07-Feb-26,,Screened
APP00595,JP0023,Kelly Edwards,Male,34,Associate,1,Quezon City,2026-02-26,71.6,Interviewed
APP01966,JP0076,Lauren Cunningham,male,33,Associate,5,Mandaluyong,2026-05-26,,Interviewed
APP01704,JP0066,Susan Torres,male,20,Vocational,2,Makati,"May 13, 2026",53.8,Rejected
APP01611,JP0062,Nathan Wilson,male,30,Bachelor,5,Taguig,05/02/2026,,Screened
APP00292,JP0012,Matthew Moore,female,38,Bachelors,9,Iloilo City,23-Jan-26,90.8,Hired
APP01128,JP0044,Erin Smith,M,33,Bachelor's Degree,0,Davao City,"Mar 19, 2026",87.4,Hired
APP00271,JP0011,Susan Murray MD,M,42,Associate,11,Cebu City,2026-01-29,79.4,Interviewed
APP00370,JP0015,Parker Cain,male,32,Vocational,5,Iloilo City,02/06/2026,70.4,Hired
APP00601,JP0024,Mrs. Virginia Daniels,F,20,Associate Degree,1,Quezon City,02/28/2026,81.4,Interviewed
APP00954,JP0037,Sylvia Schroeder,Female,20,M.S.,0,Taguig,19-Mar-26,46.8,Applied
APP01703,JP0066,Casey Blanchard,female,27,Associate Degree,5,Taguig,2026-05-09,54.9,Rejected
APP00645,JP0025,Kevin Davis,female,33,HS Graduate,4,Pasig,18-Feb-26,85.3,Offered
APP01938,JP0075,Brandon Brown,male,,Bachelor,9,Taguig,05/18/2026,93.4,Interviewed
APP01728,JP0067,Jose Harrison,Female,23,Bachelor,0,Taguig,06-May-26,46.2,Rejected
APP01112,JP0043,Curtis Watson,F,37,Master,5,Cebu City,"Mar 25, 2026",91.2,Offered
APP00296,JP0012,Joseph Knight,male,21,Associate,0,Davao City,02/08/2026,39.8,Screened
APP02260,JP0086,Heather Ortega,F,23,M.S.,0,Taguig,"Jun 11, 2026",,Rejected
APP01483,JP0057,Chad Roach,Female,30,Bachelors,7,Quezon City,16-Apr-26,88.6,Screened
APP02354,JP0090,Mr. David Mercado,F,29,Associate,2,Pasig,06/30/2026,63.3,Rejected
APP01057,JP0041,Rebekah Greene,male,28,Bachelor's Degree,8,Iloilo City,2026-04-02,41.9,Rejected
APP00430,JP0017,Mary Escobar,Male,34,BS,8,Davao City,"Feb 01, 2026",61.5,Interviewed
APP02025,JP0078,Alyssa Vance,F,30,Master's Degree,2,Taguig,22-May-26,40.9,Rejected
APP01422,JP0055,Kristy Mills,male,23,Associate Degree,0,Iloilo City,2026-04-24,67.5,Rejected
APP02560,JP0098,Mark Henson,Male,24,B.S.,0,Mandaluyong,2026-06-29,64.5,Interviewed
APP00159,JP0007,Lindsey Walker,M,20,MS,0,Makati,24-Jan-26,68.6,Rejected
APP00069,JP0003,Amber Kidd,M,20,Associate Degree,0,Pasig,"Jan 21, 2026",47.8,Rejected
APP01859,JP0072,John Zamora,F,46,Bachelor,11,Quezon City,05/14/2026,41.2,Applied
APP02093,JP0081,Samantha Hale,male,40,B.S.,11,Davao City,"Jun 01, 2026",46.9,Rejected
APP00751,JP0029,George Ochoa,Female,36,MS,3,Davao City,22-Feb-26,65.7,Screened
APP01340,JP0052,Kristine Carrillo,Female,32,Bachelor's Degree,11,Pasig,"Apr 21, 2026",44.4,Applied
APP00917,JP0035,Matthew Sweeney,Male,36,Bachelors,4,Davao City,"Mar 04, 2026",72.2,Offered
APP00236,JP0010,Jessica Stephens,Male,25,Bachelor,8,Pasig,02/05/2026,,Screened
APP02257,JP0086,Ronald Kline,M,26,Bachelor,3,Iloilo City,06/25/2026,63.5,Interviewed
APP00890,JP0034,Jennifer Morris,female,20,BS,0,Davao City,2026-03-22,52.3,Screened
APP01351,JP0052,Austin Walker,female,41,BS,11,Quezon City,"Apr 14, 2026",79.1,Interviewed
APP01680,JP0065,Sonya Chavez,female,36,BS,3,Taguig,04/28/2026,26.8,Applied
APP02217,JP0085,Mr. Logan Gregory,female,36,Bachelor's Degree,10,Cebu City,06/20/2026,48.1,Screened
APP01511,JP0058,Cindy Cannon,female,36,MS,8,Iloilo City,04/16/2026,54.5,Rejected
APP01876,JP0073,Leslie Hernandez,F,20,Bachelor,0,Makati,14-May-26,54.2,Screened
APP01203,JP0047,Mary Henry,M,,Vocational,0,Iloilo City,"Apr 13, 2026",42.6,Rejected
APP00381,JP0015,Charles Schultz,F,38,Bachelor's Degree,11,Quezon City,07-Feb-26,52.3,Screened
APP01645,JP0064,Maria Olson,Male,37,MS,9,Taguig,2026-05-14,53.6,Screened
APP01724,JP0066,Sharon Young,male,31,High School Graduate,6,Davao City,05/13/2026,31.7,Rejected
APP01593,JP0061,David Sullivan,Male,41,Master,8,Quezon City,"Apr 21, 2026",,Applied
APP00329,JP0013,William Barrett,F,20,Master,0,Cebu City,01/31/2026,88.4,Hired
APP00580,JP0023,Kimberly Sharp,male,31,Bachelor,3,Quezon City,02/12/2026,38.2,Applied
APP02431,JP0093,Elizabeth Allen,Male,31,Bachelor,3,Davao City,18-Jun-26,41.6,Rejected
APP00742,JP0029,Michael Gonzales,female,28,Vocational,10,,21-Feb-26,45.3,Rejected
APP00124,JP0005,Stephen Mckee,female,20,Bachelors,0,Cebu City,14-Jan-26,78.0,Interviewed
APP01945,JP0075,Brenda Pierce,male,30,B.S.,7,Cebu City,2026-05-20,100.0,Hired
APP01354,JP0052,Timothy Andrews,M,20,MS,0,Cebu City,04/11/2026,56.4,Screened
APP00762,JP0029,Charles Turner,M,36,B.S.,7,Mandaluyong,"Mar 03, 2026",83.2,Offered
APP01041,JP0041,Michele Hill,F,20,B.S.,0,Makati,03/27/2026,100.0,Interviewed
APP01387,JP0054,Heather Nunez,Female,37,Associate Degree,5,Davao City,2026-04-07,,Screened
APP00535,JP0021,Angel May,Male,46,BS,15,Davao City,"Feb 20, 2026",85.7,Hired
APP01401,JP0054,Mariah Thompson,male,36,BS,11,,2026-04-15,73.1,Screened
APP02555,JP0097,Joseph Myers,female,41,Vocational,6,Iloilo City,2026-06-30,54.3,Screened
APP01369,JP0053,Karen Gomez,Female,29,Senior High,1,Davao City,2026-04-10,83.6,Screened
APP00633,JP0025,Timothy Johnson,male,32,BS,4,Makati,02/16/2026,67.3,Interviewed
APP02352,JP0090,Lucas Nguyen,female,31,Bachelor,5,Makati,27-Jun-26,70.7,Offered
APP00198,JP0008,Dr. Hannah Patterson,Female,21,Bachelor,0,Quezon City,"Jan 20, 2026",,Rejected
APP01592,JP0061,Brianna Fitzpatrick,male,41,B.S.,9,Iloilo City,2026-04-30,77.2,Hired
APP00842,JP0033,Bonnie Valencia,Male,20,Associate Degree,1,Iloilo City,12-Mar-26,47.8,Rejected
APP01106,JP0043,Amber Vang,Male,30,MS,1,Mandaluyong,03-Apr-26,55.2,Rejected
APP00902,JP0035,Amanda Sullivan MD,M,38,Bachelor,14,Davao City,2026-03-10,32.9,Applied
APP01548,JP0060,Crystal James,female,33,B.S.,2,Iloilo City,"May 02, 2026",63.0,Screened
APP01110,JP0043,Lucas Schultz,Female,23,BS,4,Mandaluyong,31-Mar-26,92.8,Hired
APP02013,JP0077,Kyle Collins,male,21,B.S.,2,Mandaluyong,"May 20, 2026",59.0,Screened
APP01011,JP0039,Joshua Arellano,F,35,B.S.,11,Mandaluyong,03/24/2026,,Screened
APP00524,JP0020,Curtis Taylor,Male,32,Bachelors,2,Taguig,22-Feb-26,67.5,Screened
APP01801,JP0070,Joe Miranda,Male,45,M.S.,8,Pasig,"May 25, 2026",73.0,Screened
APP01298,JP0050,Jacob Williams,male,31,B.S.,7,Makati,2026-04-10,62.8,Screened
APP01582,JP0061,Denise Maxwell,female,27,Master,5,Makati,28-Apr-26,78.5,Interviewed
APP02215,JP0085,Kaitlyn Heath,Female,23,Bachelor's Degree,0,Cebu City,06-Jun-26,73.9,Interviewed
APP00619,JP0024,David Lopez,M,37,Senior High,10,,2026-03-03,58.2,Interviewed
APP01185,JP0046,Jason Graves,female,24,Bachelor,3,Taguig,2026-04-07,56.2,Screened
APP00550,JP0022,Kim Erickson,Male,23,Bachelors,0,Quezon City,"Feb 21, 2026",,Screened
APP00138,JP0006,Pamela Boyd,Male,22,Associate,0,Mandaluyong,12-Jan-26,26.5,Rejected
APP01767,JP0068,Mark Clark,male,34,Bachelor's Degree,6,Taguig,"May 19, 2026",64.3,Screened
APP00373,JP0015,Paul Wilson,M,37,MS,8,Makati,2026-02-15,48.8,Applied
APP01264,JP0049,Daniel Davenport,F,,Master's Degree,7,Taguig,"Apr 07, 2026",73.5,Screened
APP00719,JP0028,Alexander Gomez,Female,34,Bachelor's Degree,7,Taguig,02/28/2026,28.1,Rejected
APP01064,JP0041,Robert Torres,male,29,BS,0,Taguig,"Mar 29, 2026",48.3,Screened
APP02491,JP0095,Juan Johnson,F,26,Bachelor's Degree,5,Iloilo City,07/02/2026,38.6,Applied
APP02425,JP0093,Nicole Collins,female,33,Bachelor's Degree,1,Taguig,06/30/2026,91.9,Interviewed
APP00009,JP0001,Tommy Walter,M,20,M.S.,0,Davao City,"Jan 23, 2026",51.5,Rejected
APP00157,JP0007,Melissa Gates,female,37,Bachelor,10,Iloilo City,23-Jan-26,63.8,Screened
APP02458,JP0094,Gary Turner,Male,40,M.S.,7,Davao City,2026-07-03,52.9,Rejected
APP01193,JP0047,Michael Lopez,Male,38,Associate,5,Pasig,11-Apr-26,47.4,Screened
APP00304,JP0013,Colton Martinez,male,,B.S.,12,Mandaluyong,01/30/2026,44.2,Rejected
APP01120,JP0044,Anna Briggs,male,28,Master's Degree,5,Davao City,2026-03-30,57.4,Screened
APP02548,JP0097,Sara Cain,Female,35,Bachelor,5,Pasig,"Jul 12, 2026",48.2,Interviewed
APP01937,JP0075,Larry Harding,female,26,BS,0,Pasig,2026-05-20,65.2,Interviewed
APP00460,JP0018,Mrs. Diane Reyes,M,43,M.S.,12,Makati,"Feb 19, 2026",73.9,Screened
APP02593,JP0099,Robert Mccoy,female,35,Associate Degree,8,Mandaluyong,2026-06-30,55.6,Screened
APP01628,JP0063,Amber Butler,Male,21,Bachelor,0,Mandaluyong,05/12/2026,61.6,Interviewed
APP00997,JP0039,Stephen Wood,M,23,Associate Degree,0,Pasig,2026-03-15,56.6,Screened
APP00637,JP0025,Joshua Rice,female,46,Vocational,11,Iloilo City,"Feb 16, 2026",46.1,Screened
APP01385,JP0054,Heidi Matthews,male,28,Master,5,Cebu City,04/24/2026,37.2,Applied
APP00298,JP0013,Victor Taylor,F,20,Bachelor's Degree,0,Quezon City,"Feb 06, 2026",64.9,Screened
APP00350,JP0014,Kimberly Nguyen,female,36,Master,6,Taguig,02-Feb-26,50.8,Rejected
APP00562,JP0022,Jessica Khan,M,32,Associate Degree,5,Makati,2026-03-02,93.8,Interviewed
APP01916,JP0074,Patricia Williams,female,28,B.S.,3,Iloilo City,25-May-26,49.0,Screened
APP01518,JP0059,Anna Ross,M,32,M.S.,5,Mandaluyong,"Apr 23, 2026",90.2,Hired
APP01279,JP0050,Reginald Diaz,M,27,Bachelor's Degree,5,Cebu City,04/16/2026,86.6,Screened
APP02279,JP0087,Raymond Barber,Female,40,Bachelors,12,Quezon City,06/15/2026,81.6,Screened
APP00331,JP0013,Edward Burgess,Male,25,BS,0,Iloilo City,2026-01-22,67.0,Screened
APP00288,JP0012,Carolyn Miller,M,30,M.S.,3,Mandaluyong,2026-02-05,56.1,Screened
APP00683,JP0027,Mary Jensen,M,34,Bachelor's Degree,4,Makati,02/20/2026,69.8,Rejected
APP00310,JP0013,Kiara Mcintyre,F,40,Bachelor's Degree,12,Quezon City,"Feb 02, 2026",65.2,Interviewed
APP00635,JP0025,Rhonda Chavez,M,28,Associate,5,Pasig,02/28/2026,82.2,Offered
APP02189,JP0083,Jordan Moses,male,28,Associate Degree,1,Taguig,08-Jun-26,57.7,Screened
APP02434,JP0093,Lisa Barnes,M,25,Associate,5,Davao City,22-Jun-26,,Interviewed
APP02390,JP0092,Vanessa Coleman,Male,25,Bachelor,0,Mandaluyong,19-Jun-26,,Screened
APP02009,JP0077,Annette Lane,female,33,MS,6,Iloilo City,05/27/2026,67.3,Interviewed
APP01746,JP0067,Katelyn Kim,M,43,Bachelors,4,Quezon City,05/11/2026,62.4,Screened
APP02442,JP0093,Amanda Johnson,M,23,Bachelors,1,Mandaluyong,"Jul 02, 2026",39.1,Rejected
APP01269,JP0049,Bernard Smith,male,30,BS,0,Taguig,03-Apr-26,6.0,Rejected
APP01833,JP0071,Timothy Williams,female,36,Bachelors,2,Pasig,05/18/2026,67.7,Screened
APP00966,JP0038,Derek Wright,male,28,Bachelor's Degree,0,Mandaluyong,12-Mar-26,62.6,Screened
APP01562,JP0060,James Moore,M,29,Bachelors,5,Davao City,04/30/2026,39.0,Rejected
APP01070,JP0042,Kathryn Dillon,Female,43,Bachelor's Degree,15,Pasig,"Apr 01, 2026",59.9,Rejected
APP02597,JP0099,Lance Lynn,male,30,Bachelor,1,Pasig,"Jul 06, 2026",38.3,Rejected
APP02391,JP0092,Mark Davis,M,25,Bachelor's Degree,1,Pasig,"Jun 24, 2026",,Interviewed
APP00001,JP0001,Michele Williams,male,20,MS,0,Iloilo City,22-Jan-26,62.3,Screened
APP00865,JP0033,Amy Miller,Male,20,Bachelor,0,Pasig,17-Mar-26,33.5,Rejected
APP01117,JP0043,Travis Hull,Female,20,MS,1,Iloilo City,07-Apr-26,58.2,Screened
APP00805,JP0031,Patricia Young PhD,M,32,Bachelors,1,Cebu City,2026-03-16,32.4,Rejected
APP01573,JP0061,Kelly Hayes,Female,36,Associate Degree,6,Pasig,2026-05-05,27.1,Applied
APP00516,JP0020,Angelica Parker,M,36,BS,10,Quezon City,2026-02-19,58.7,Screened
APP02149,JP0082,Scott Greene,male,25,Associate,4,Quezon City,07-Jun-26,69.8,Interviewed
APP00409,JP0016,Jesse Brown,F,20,Bachelor,0,Mandaluyong,"Feb 11, 2026",,Rejected
APP01071,JP0042,Brandon Kelly,Male,33,Bachelors,4,Mandaluyong,"Mar 24, 2026",66.0,Interviewed
APP00326,JP0013,Tracy Ballard,F,28,HS Graduate,1,Pasig,07-Feb-26,63.0,Screened
APP02083,JP0080,Jack Sandoval,female,31,Master,5,,06-Jun-26,55.1,Applied
APP01939,JP0075,Steven Taylor,female,30,B.S.,4,Mandaluyong,27-May-26,55.5,Rejected
APP01971,JP0076,Sarah Martin,male,27,Bachelor's Degree,5,Davao City,05/24/2026,81.1,Interviewed
APP01749,JP0067,Angela May MD,male,24,Associate,2,Pasig,2026-05-08,65.0,Screened
APP02631,JP0100,Mark Frank,Female,43,Associate,4,Mandaluyong,10-Jul-26,100.0,Hired
APP01733,JP0067,Tim Larsen,Male,29,B.S.,1,Mandaluyong,2026-05-15,76.6,Offered
APP00364,JP0015,Douglas Gregory,Female,34,Bachelors,8,Cebu City,"Feb 17, 2026",43.2,Applied
APP01860,JP0072,Cory Hogan,male,24,Bachelor,0,Pasig,"May 27, 2026",54.2,Interviewed
APP01835,JP0071,Stacie Butler,Male,38,High School Graduate,9,Mandaluyong,"May 10, 2026",52.9,Rejected
APP00923,JP0035,Cynthia Green,female,29,Bachelors,3,Taguig,"Mar 15, 2026",64.4,Screened
APP01659,JP0064,Paula Gentry,Female,41,Bachelor's Degree,4,Davao City,"Apr 29, 2026",29.6,Applied
APP02110,JP0081,Shawn Duffy,female,26,Bachelor,1,Cebu City,2026-06-06,33.2,Applied
APP00862,JP0033,Brian Porter MD,F,35,Bachelor's Degree,6,Makati,2026-03-17,62.0,Screened
APP01172,JP0046,Kyle Andrade,M,42,Bachelor,11,,"Apr 01, 2026",76.8,Rejected
APP00832,JP0032,Michele Smith,M,32,BS,0,Cebu City,2026-02-28,30.3,Rejected
APP00275,JP0011,Diane Evans,male,39,Vocational,10,Iloilo City,"Feb 09, 2026",53.1,Screened
APP01079,JP0042,Laura Lee,male,46,Associate,15,Mandaluyong,2026-04-01,86.1,Hired
APP02342,JP0090,Timothy Olson,female,24,Bachelor's Degree,3,Quezon City,07/01/2026,49.0,Rejected
APP02253,JP0086,Morgan Flynn,male,28,Bachelor's Degree,4,Cebu City,"Jun 06, 2026",82.2,Hired
APP00438,JP0017,Antonio Garcia,male,30,Senior High,4,Mandaluyong,"Feb 13, 2026",80.5,Screened
APP00224,JP0009,Elizabeth Oliver DDS,male,33,Bachelors,6,Cebu City,01/16/2026,50.5,Rejected
APP00342,JP0014,Christian Leblanc,male,35,BS,5,Pasig,2026-02-06,27.4,Applied
APP01769,JP0068,Amanda Hardin,M,26,B.S.,0,Pasig,2026-05-06,37.0,Rejected
APP02307,JP0088,Sharon Wilson,M,30,Associate,5,Iloilo City,"Jun 13, 2026",65.4,Screened
APP00022,JP0001,Gabrielle Davis,female,28,Vocational,0,Davao City,01/09/2026,71.4,Interviewed
APP01739,JP0067,Donna Johnson,F,33,Bachelor's Degree,5,Cebu City,05/13/2026,39.2,Applied
APP01560,JP0060,Crystal Allen,F,23,B.S.,1,Iloilo City,2026-04-21,49.4,Rejected
APP00325,JP0013,Lauren Carson,M,20,BS,0,Makati,"Jan 27, 2026",63.9,Rejected
APP01747,JP0067,Laura Bush,male,28,Bachelors,0,Mandaluyong,"May 06, 2026",64.4,Rejected
APP00328,JP0013,Maria Parker,F,29,Bachelor,2,Taguig,02/05/2026,61.9,Screened
APP00420,JP0017,Emily Bennett,male,35,B.S.,6,Pasig,2026-02-10,53.3,Screened
APP01051,JP0041,Alejandro Deleon,male,32,Vocational,9,Pasig,"Mar 26, 2026",63.0,Screened
APP00112,JP0005,Marc Moore,female,27,Associate Degree,0,Pasig,22-Jan-26,74.1,Screened
APP01612,JP0062,Autumn Anderson,M,36,Bachelors,5,Taguig,04/24/2026,28.3,Rejected
APP00122,JP0005,Kenneth Scott,M,32,BS,7,Davao City,2026-01-17,39.5,Rejected
APP00679,JP0027,Mr. Michael Scott PhD,Female,20,Master's Degree,0,Makati,24-Feb-26,73.6,Screened
APP02355,JP0090,Justin Glover,Non-binary,20,MS,0,Taguig,25-Jun-26,54.1,Screened
APP02532,JP0097,Eric Williams,M,26,Master,0,Iloilo City,"Jun 28, 2026",54.1,Rejected
APP01685,JP0065,Christine Bell,Male,30,Bachelor,0,Makati,05/06/2026,74.9,Screened
APP01503,JP0058,Jennifer Garcia,male,38,Bachelor's Degree,6,Mandaluyong,04/24/2026,76.5,Screened
APP02011,JP0077,Mrs. Ashley Taylor,female,32,Bachelors,3,Quezon City,24-May-26,57.4,Screened
APP01902,JP0074,Wayne Weaver,female,,B.S.,5,Mandaluyong,2026-05-18,,Interviewed
APP02167,JP0083,Kayla Burns,female,26,Bachelor,6,Taguig,19-Jun-26,41.1,Applied
APP00101,JP0005,Diana May,female,39,Master,6,,01/25/2026,48.5,Screened
APP01102,JP0043,Martha Smith,M,,High School Graduate,8,Taguig,03/30/2026,55.7,Rejected
APP02088,JP0080,Tara King,F,37,Master's Degree,6,Cebu City,04-Jun-26,45.3,Rejected
APP01239,JP0048,Erica Moon,Male,34,BS,4,Iloilo City,2026-04-10,75.1,Screened
APP00744,JP0029,Travis Harris,M,33,High School Graduate,6,Quezon City,06-Mar-26,59.2,Interviewed
APP00971,JP0038,Stephen Davis,female,38,Bachelors,11,Taguig,03/27/2026,71.7,Screened
APP01819,JP0071,Judy Gregory,Non-binary,41,B.S.,14,Quezon City,2026-05-07,78.7,Interviewed
APP02503,JP0095,Miranda Murray,Female,20,Bachelor,0,Mandaluyong,2026-07-02,75.4,Screened
APP01663,JP0064,Mrs. Felicia Castro DDS,female,33,B.S.,7,Mandaluyong,2026-05-15,,Offered
APP02606,JP0099,Janet Parker,male,27,Bachelors,0,Makati,"Jul 04, 2026",30.3,Applied
APP00932,JP0036,Jacqueline Mccoy,female,26,Bachelor,6,Quezon City,"Mar 19, 2026",73.9,Interviewed
APP01247,JP0049,Brett Swanson,Male,36,Master,6,Davao City,"Apr 06, 2026",67.8,Screened
APP01414,JP0055,Mercedes Miller,F,28,Bachelor's Degree,2,Makati,"Apr 09, 2026",100.0,Hired
APP00662,JP0026,Felicia Krueger,female,21,Master's Degree,0,Cebu City,02/22/2026,48.8,Rejected
APP02479,JP0094,John Alvarado,M,26,Bachelor,0,Iloilo City,06/30/2026,58.8,Interviewed
APP01585,JP0061,Kelly Liu,male,39,M.S.,8,Mandaluyong,"Apr 30, 2026",37.4,Rejected
APP02498,JP0095,Emily Lopez,F,32,Bachelor's Degree,4,Taguig,"Jul 01, 2026",87.5,Interviewed
APP00332,JP0013,Dawn Summers,Female,31,M.S.,5,Davao City,01/28/2026,65.5,Interviewed
APP00573,JP0023,Kiara Little,female,28,Bachelor's Degree,5,Makati,2026-02-12,50.3,Applied
APP00447,JP0018,Riley Bryant,Female,20,Bachelors,0,Taguig,02/10/2026,41.4,Rejected
APP01097,JP0043,Mary Nelson,female,26,Bachelors,0,Quezon City,01-Apr-26,,Rejected
APP00041,JP0002,Philip Cannon,male,45,Bachelor,7,Mandaluyong,2026-01-19,40.3,Screened
APP00887,JP0034,Chris Velazquez,F,33,Master's Degree,8,Makati,03/09/2026,63.4,Screened
APP01465,JP0057,Cody Smith,Female,22,Master's Degree,0,Pasig,01-May-26,62.4,Rejected
APP01084,JP0042,Julie Delacruz,Female,20,BS,0,Taguig,03/22/2026,54.5,Screened
APP00565,JP0022,Diana Hays,male,20,BS,0,Iloilo City,02/25/2026,67.2,Screened
APP00089,JP0004,Christopher Bass,F,28,B.S.,0,Makati,01/13/2026,51.9,Rejected
APP00709,JP0027,Ryan Landry,M,,Bachelor,0,Quezon City,"Mar 05, 2026",66.2,Screened
APP01906,JP0074,Dorothy Brown,male,42,Bachelor,9,Davao City,"May 23, 2026",61.4,Screened
APP01589,JP0061,Lisa Joseph,Female,38,Master,7,Quezon City,2026-04-20,61.0,Rejected
APP02576,JP0098,Stephanie Parker,male,30,MS,1,,"Jul 08, 2026",58.0,Interviewed
APP01834,JP0071,Erika Daugherty,M,33,Associate Degree,2,,"May 13, 2026",67.3,Screened
APP01317,JP0051,Jennifer Hernandez,Male,27,B.S.,3,Pasig,"Apr 04, 2026",70.7,Interviewed
APP00806,JP0031,Jim Newton,Female,37,BS,9,Taguig,"Mar 19, 2026",46.7,Screened
APP02430,JP0093,Eric Graham,M,24,Bachelor's Degree,0,Pasig,04-Jul-26,87.4,Interviewed
APP00334,JP0013,Tanner Mitchell DDS,Female,30,High School Graduate,0,Cebu City,02/10/2026,81.4,Interviewed
APP01190,JP0047,Donna Beck,Female,41,BS,13,Taguig,"Apr 11, 2026",68.0,Interviewed
APP00530,JP0021,Kathleen Robertson,M,28,Bachelors,0,Makati,10-Feb-26,34.4,Rejected
APP01999,JP0077,Ricky Palmer,female,34,B.S.,2,Quezon City,05/22/2026,81.4,Hired
APP02356,JP0090,Charles Hawkins,Female,,Senior High,1,Makati,"Jul 01, 2026",14.8,Rejected
APP00491,JP0019,Meghan Cisneros,Female,28,Bachelor's Degree,0,Quezon City,02/22/2026,21.7,Rejected
APP00375,JP0015,Kenneth Lewis,Male,22,BS,0,Pasig,14-Feb-26,64.4,Interviewed
APP02411,JP0092,Lori Riley,male,32,Bachelor's Degree,11,Makati,03-Jul-26,61.1,Screened
APP01758,JP0068,Alexis Rodriguez,M,37,M.S.,11,Quezon City,08-May-26,67.7,Interviewed
APP00269,JP0011,Shelly Alexander,female,34,Senior High,14,Mandaluyong,"Feb 06, 2026",28.0,Rejected
APP00799,JP0031,Cesar Wilson,Male,27,B.S.,0,Pasig,"Mar 11, 2026",95.6,Hired
APP00056,JP0003,Whitney Peters,M,23,MS,0,Pasig,01/22/2026,38.1,Rejected
APP01460,JP0056,Catherine Roberts,female,29,MS,2,Iloilo City,13-Apr-26,80.4,Interviewed
APP02070,JP0079,Scott Bradley,M,22,B.S.,0,Davao City,02-Jun-26,58.7,Interviewed
APP00059,JP0003,Donald Wright,F,33,B.S.,8,Makati,01/19/2026,49.7,Rejected
APP00412,JP0016,Tamara Davis,male,32,M.S.,7,Iloilo City,02/01/2026,55.0,Interviewed
APP00599,JP0023,Denise Martinez,F,21,B.S.,3,Iloilo City,02/22/2026,61.3,Rejected
APP00351,JP0014,Nichole Alvarez,male,32,Bachelor's Degree,6,Iloilo City,30-Jan-26,68.9,Interviewed
APP01550,JP0060,Judith House,Male,33,B.S.,4,Davao City,04/26/2026,62.6,Rejected
APP01559,JP0060,Robin Johnson,F,21,MS,0,Cebu City,2026-05-01,55.9,Screened
APP00511,JP0020,Jennifer Banks,male,20,Master's Degree,1,Iloilo City,"Feb 11, 2026",,Interviewed
APP01884,JP0073,Lauren Haley,Male,20,Bachelors,0,Makati,05/15/2026,39.4,Rejected
APP01477,JP0057,Justin Hurley,female,32,Associate Degree,7,Pasig,"Apr 23, 2026",24.1,Applied
APP02642,JP0100,Sheila Ramirez,Male,40,B.S.,8,Cebu City,04-Jul-26,59.9,Rejected
APP01443,JP0056,Mrs. Raven Rivera DVM,Male,21,Bachelor,0,Mandaluyong,"May 02, 2026",60.2,Screened
APP00676,JP0026,Joseph Howard,Female,30,Associate Degree,3,Iloilo City,"Feb 21, 2026",20.1,Applied
APP02150,JP0082,Joseph Thomas,Non-binary,37,Bachelors,3,Davao City,30-May-26,59.3,Rejected
APP02100,JP0081,Paul Young,female,29,B.S.,1,Mandaluyong,06/01/2026,100.0,Hired
APP02250,JP0086,Curtis Obrien,Female,27,Senior High,0,Cebu City,"Jun 17, 2026",71.0,Screened
APP01740,JP0067,Jennifer Flores,female,28,Associate,2,Pasig,2026-05-07,98.0,Hired
APP01229,JP0048,Matthew Wells,female,20,Associate,0,Cebu City,"Mar 31, 2026",10.2,Rejected
APP00261,JP0011,Jonathan Lawrence,F,,High School Graduate,7,Mandaluyong,01/30/2026,31.4,Applied
APP01364,JP0053,Danielle Davis,female,26,Vocational,0,,16-Apr-26,92.0,Interviewed
APP00215,JP0009,David Martinez,male,30,Bachelors,10,Iloilo City,"Jan 30, 2026",74.8,Interviewed
APP00722,JP0028,Edgar Hughes,M,33,Bachelors,2,Mandaluyong,2026-02-24,19.4,Rejected
APP00153,JP0007,Denise Jones,F,37,Bachelor,10,Quezon City,20-Jan-26,,Hired
APP00504,JP0020,Todd Moore,M,30,Master's Degree,5,Davao City,02/19/2026,37.9,Applied
APP00556,JP0022,Gary Wells,M,20,Vocational,0,Quezon City,2026-02-14,64.6,Rejected
APP01198,JP0047,Cynthia Mueller,Prefer not to say,35,Master's Degree,6,Taguig,03/31/2026,70.4,Interviewed
APP01799,JP0070,Deborah Graves,female,29,Bachelor's Degree,0,Makati,"May 28, 2026",72.5,Interviewed
APP00377,JP0015,Paula Bradley,F,29,Bachelor's Degree,0,Cebu City,02/02/2026,51.8,Screened
APP01854,JP0072,Philip Fernandez,F,29,Bachelor,3,Makati,25-May-26,69.9,Interviewed
APP00532,JP0021,Mr. Lawrence Edwards,male,26,Master's Degree,5,Cebu City,19-Feb-26,54.5,Interviewed
APP01989,JP0076,Kevin Morrow,M,24,Bachelor's Degree,0,Iloilo City,05/23/2026,54.4,Screened
APP01982,JP0076,Danielle Wilson,female,32,High School Graduate,3,Taguig,2026-06-03,100.0,Hired
APP02380,JP0091,Heather Davis,male,28,Master's Degree,4,Davao City,2026-06-24,58.8,Rejected
APP01795,JP0069,Janet Cook,F,25,Master's Degree,5,Makati,"May 13, 2026",49.4,Applied
APP00394,JP0016,Adam Burgess,Male,29,Bachelor's Degree,3,Taguig,"Feb 07, 2026",88.7,Interviewed
APP00181,JP0008,Adam Vaughan,male,31,Bachelor,3,Davao City,"Feb 04, 2026",34.8,Rejected
APP00589,JP0023,Laurie Sanchez,male,29,B.S.,4,Iloilo City,"Feb 25, 2026",55.2,Rejected
APP00508,JP0020,Vincent Reynolds,Male,27,BS,0,Makati,02/20/2026,52.0,Rejected
APP01817,JP0070,Mark Moss,Female,31,Bachelors,0,Cebu City,2026-05-11,56.7,Rejected
APP00414,JP0017,Nancy Jennings,F,30,Bachelor's Degree,6,Mandaluyong,02/03/2026,47.4,Screened
APP00204,JP0009,Cathy Robinson,M,36,BS,4,Cebu City,01/19/2026,69.4,Screened
APP00488,JP0019,Heather Bolton,Female,25,Vocational,0,Davao City,16-Feb-26,28.2,Applied
APP02586,JP0098,Cynthia Miller,Female,25,B.S.,0,Mandaluyong,01-Jul-26,,Rejected
APP00798,JP0031,Maria Cooke,male,27,Master,1,,2026-03-11,60.5,Interviewed
APP01584,JP0061,Logan Newton,male,26,Associate Degree,1,Iloilo City,05/04/2026,52.5,Rejected
APP01383,JP0053,Jennifer Parks,M,30,Bachelor's Degree,7,Makati,04/19/2026,58.3,Applied
APP01059,JP0041,Gregory King,male,35,BS,7,Quezon City,23-Mar-26,59.0,Screened
APP00094,JP0004,Paul Jones,Female,27,Bachelor,0,Taguig,23-Jan-26,58.7,Interviewed
APP02107,JP0081,Jessica King,female,26,MS,1,Iloilo City,05-Jun-26,,Offered
APP02071,JP0079,Heidi Graham,Female,32,M.S.,3,Makati,06/14/2026,,Screened
APP00025,JP0001,Margaret Hawkins DDS,Female,38,Bachelor's Degree,8,Taguig,2026-01-23,,Rejected
APP01078,JP0042,Philip Jackson,F,30,BS,4,Pasig,"Mar 29, 2026",24.5,Rejected
APP01232,JP0048,Tiffany Jackson,female,32,Associate,0,Quezon City,04/17/2026,68.9,Interviewed
APP02627,JP0100,Joanne Olsen,Female,,Bachelor's Degree,7,Cebu City,"Jul 13, 2026",71.9,Interviewed
APP02364,JP0091,Cheryl Gregory,Female,38,BS,7,Quezon City,12-Jun-26,34.2,Rejected
APP00984,JP0038,Tracy Walker,F,30,Bachelors,6,Cebu City,14-Mar-26,70.6,Interviewed
APP00889,JP0034,Ian Porter,Male,,B.S.,3,Quezon City,"Mar 10, 2026",77.8,Interviewed
APP01647,JP0064,Andre Terrell,M,30,Bachelor,6,Iloilo City,"May 06, 2026",56.4,Screened
APP01977,JP0076,Kim Arnold,Female,29,Bachelor,2,Davao City,05/27/2026,52.4,Screened
APP00896,JP0034,Jordan Williams,M,20,Bachelors,0,Pasig,19-Mar-26,65.2,Rejected
APP01490,JP0058,Kevin Hall,female,,Bachelors,6,Makati,29-Apr-26,19.6,Applied
APP02333,JP0089,Gregory Harrell,Female,38,Bachelor,5,Pasig,06/18/2026,69.6,Hired
APP02143,JP0082,Debbie Gordon,Female,35,Bachelor,2,Taguig,"Jun 07, 2026",48.6,Rejected
APP02365,JP0091,Austin Green,Prefer not to say,31,BS,5,Taguig,2026-06-27,34.2,Applied
APP02345,JP0090,Victor Leonard,M,,BS,9,Taguig,24-Jun-26,56.1,Screened
APP00462,JP0018,Aaron Miller,M,23,BS,5,Iloilo City,2026-02-15,48.1,Applied
APP01485,JP0057,Jacob Erickson,Male,,Bachelor's Degree,9,Taguig,04/19/2026,29.9,Applied
APP00076,JP0004,Steve Sanchez,M,31,B.S.,4,Pasig,22-Jan-26,79.4,Screened
APP02563,JP0098,Christopher Wright,Prefer not to say,26,High School Graduate,1,Davao City,07/02/2026,37.5,Rejected
APP01066,JP0041,Michael Holloway,Female,30,BS,3,Taguig,"Mar 29, 2026",71.5,Rejected
APP00910,JP0035,Michelle Davis DVM,female,24,B.S.,2,Taguig,19-Mar-26,76.0,Screened
APP01991,JP0077,Cassie Lutz,Male,29,M.S.,0,Iloilo City,31-May-26,39.5,Applied
APP01889,JP0073,Joseph Mendoza,M,32,Bachelors,5,Mandaluyong,"May 25, 2026",68.3,Interviewed
APP02410,JP0092,Terri Williams,F,,B.S.,5,Mandaluyong,22-Jun-26,,Offered
APP00361,JP0015,Karla Ramos,Female,23,B.S.,0,Iloilo City,2026-01-30,38.1,Rejected
APP00216,JP0009,Denise Mccann,Female,20,M.S.,0,Pasig,24-Jan-26,75.2,Rejected
APP01564,JP0060,Kevin Alvarado,F,22,M.S.,0,Quezon City,"Apr 20, 2026",72.5,Interviewed
APP00713,JP0028,David Davenport,M,20,Master,0,Taguig,03/02/2026,83.1,Interviewed
APP01508,JP0058,Desiree Spencer,F,20,Bachelor,0,Mandaluyong,04/17/2026,35.4,Rejected
APP00712,JP0027,Maria Henry,Male,27,Associate Degree,1,Davao City,05-Mar-26,90.5,Interviewed
APP02286,JP0087,Mark Reeves,F,34,Associate Degree,10,Taguig,11-Jun-26,77.9,Interviewed
APP00305,JP0013,Kevin Oconnor,Male,23,BS,1,Taguig,30-Jan-26,70.4,Interviewed
APP00226,JP0009,Brian Lee,male,33,Associate Degree,11,Taguig,25-Jan-26,68.4,Interviewed
APP01900,JP0073,Jeffery Nelson,M,22,Master's Degree,3,Mandaluyong,2026-05-31,60.3,Screened
APP02630,JP0100,Dr. Teresa Ortega MD,Male,27,Senior High,5,Quezon City,18-Jul-26,56.2,Screened
APP01199,JP0047,Brittney Hernandez,Male,22,B.S.,1,Quezon City,"Apr 03, 2026",43.1,Applied
APP00898,JP0034,Kenneth Sharp,M,21,Bachelor's Degree,0,Pasig,03/21/2026,64.3,Screened
APP02204,JP0084,Terry Woods,Prefer not to say,26,Bachelor,0,Pasig,"Jun 16, 2026",75.5,Interviewed
APP02341,JP0090,John Russell,Male,26,B.S.,1,Davao City,29-Jun-26,50.1,Interviewed
APP01332,JP0051,Crystal Cruz,M,,BS,9,Davao City,04/19/2026,76.5,Interviewed
APP01326,JP0051,Jerry Haney,M,31,B.S.,2,Cebu City,04/02/2026,100.0,Hired
APP00188,JP0008,Karen Graham,male,29,BS,8,Quezon City,"Jan 24, 2026",58.2,Rejected
APP02568,JP0098,Paige Meyer,M,32,MS,6,Davao City,"Jul 06, 2026",54.2,Screened
APP00480,JP0019,Steve Paul,M,28,BS,2,Davao City,02/23/2026,45.3,Rejected
APP00919,JP0035,Brittney Martin,male,25,Bachelor,3,Pasig,2026-03-22,59.2,Screened
APP00284,JP0012,Marie Christian,male,27,Bachelors,3,Cebu City,2026-02-10,,Offered
APP00988,JP0038,Anna Wheeler,female,20,MS,1,Taguig,"Mar 15, 2026",27.5,Rejected
APP02106,JP0081,Heidi Baldwin,Female,42,Bachelors,16,Makati,04-Jun-26,63.0,Screened
APP01418,JP0055,Kimberly Nelson,M,43,Bachelors,11,Quezon City,"Apr 15, 2026",64.4,Screened
APP00567,JP0022,Christian Vaughn,F,20,Bachelors,0,Taguig,"Mar 02, 2026",20.5,Rejected
APP01012,JP0039,Deborah Campbell,F,27,Bachelor's Degree,3,Makati,03/16/2026,,Interviewed
APP00582,JP0023,Tina Ballard,Male,,Master's Degree,7,Iloilo City,19-Feb-26,71.4,Screened
APP01226,JP0048,Kimberly May,Male,21,BS,0,Taguig,06-Apr-26,,Rejected
APP00828,JP0032,Danielle Watson,Male,35,B.S.,7,Makati,03/05/2026,29.2,Rejected
APP01606,JP0062,Eddie Sanders,Male,20,B.S.,0,,04-May-26,,Offered
APP00659,JP0026,Zachary Mendoza,Male,25,Bachelors,0,Davao City,2026-02-26,41.2,Rejected
APP02426,JP0093,Ms. Erin Lane,female,27,Senior High,4,Makati,29-Jun-26,64.4,Interviewed
APP00852,JP0033,Melissa Abbott,female,34,BS,10,Davao City,03/03/2026,64.7,Screened
APP00459,JP0018,Shelly Spencer,female,20,High School Graduate,0,Mandaluyong,14-Feb-26,76.0,Screened
APP02540,JP0097,Jennifer Smith,male,22,HS Graduate,0,Mandaluyong,2026-07-03,82.0,Hired
APP01440,JP0056,Melinda Mitchell,F,40,Master's Degree,8,Quezon City,24-Apr-26,100.0,Hired
APP01936,JP0075,Angelica Clark,male,37,Bachelor's Degree,8,Cebu City,05-Jun-26,59.2,Screened
APP02369,JP0091,Mariah Jones,male,,MS,6,Taguig,2026-06-28,74.3,Screened
APP01919,JP0074,Sara Schwartz,M,32,M.S.,6,Makati,05/25/2026,52.6,Rejected
APP00287,JP0012,Ryan Gonzalez,Female,38,High School Graduate,8,Davao City,28-Jan-26,43.1,Applied
APP00591,JP0023,Dale Ryan,male,37,Bachelor,6,Iloilo City,"Feb 13, 2026",56.2,Screened
APP01173,JP0046,Tracy Chavez,M,32,Bachelor,7,Taguig,03/31/2026,53.4,Screened
APP01705,JP0066,Rebecca Nguyen,M,40,Master's Degree,9,Cebu City,05/03/2026,83.1,Offered
APP01119,JP0044,Emily Rodgers,M,41,MS,11,Iloilo City,"Apr 04, 2026",65.9,Interviewed
APP01955,JP0075,Jorge Lee,F,27,Bachelor's Degree,0,Mandaluyong,24-May-26,74.0,Screened
APP00421,JP0017,Gregory Ponce,female,34,Bachelors,6,Taguig,02/03/2026,62.6,Screened
APP00539,JP0021,Anthony Gonzales,Female,38,Master's Degree,5,Cebu City,"Feb 21, 2026",64.7,Interviewed
APP01058,JP0041,Maria Coleman,F,45,Bachelor,10,Taguig,2026-03-17,62.3,Screened
APP02033,JP0078,Wesley Jensen MD,M,33,High School Graduate,4,Makati,26-May-26,43.7,Applied
APP02237,JP0085,Christian Park,Male,34,High School Graduate,4,Makati,20-Jun-26,74.0,Screened
APP01140,JP0044,Andrew Roberts,F,20,Bachelor,2,Davao City,01-Apr-26,58.1,Interviewed
APP02510,JP0096,David Yoder,male,36,Master,8,Taguig,06/30/2026,62.6,Rejected
APP02414,JP0092,Rachel Gibson,Male,33,Bachelor,6,Makati,"Jul 02, 2026",37.2,Rejected
APP01741,JP0067,Zachary Santiago,F,26,Bachelor,1,Taguig,"May 11, 2026",72.0,Interviewed
APP01695,JP0065,Melissa Jensen,M,24,Bachelor's Degree,0,Taguig,26-Apr-26,54.1,Screened
APP02360,JP0090,Sara James,Male,29,Associate,4,,2026-06-21,41.4,Applied
APP01596,JP0062,Ronald Murray,F,39,Bachelors,14,Pasig,04/30/2026,73.2,Screened
APP00552,JP0022,Kathryn Williams,Male,20,B.S.,0,Quezon City,2026-02-16,63.0,Rejected
APP01615,JP0062,Jamie James,male,38,BS,4,Quezon City,05/09/2026,63.9,Screened
APP01495,JP0058,Dawn Nixon,M,29,High School Graduate,2,Davao City,29-Apr-26,61.3,Screened
APP02367,JP0091,Melissa Smith,M,22,Bachelors,0,Makati,06/26/2026,64.8,Rejected
APP00563,JP0022,Ashley Smith,female,30,Bachelors,2,Iloilo City,"Feb 18, 2026",32.1,Rejected
APP00355,JP0014,Kerry Chavez DDS,Male,33,Master,3,Iloilo City,27-Jan-26,53.7,Rejected
APP00081,JP0004,Brian Rodriguez,Male,30,Associate Degree,3,Taguig,01/12/2026,46.0,Rejected
APP02241,JP0086,Arthur Jordan,M,27,Bachelor's Degree,0,Iloilo City,"Jun 15, 2026",58.6,Interviewed
APP01166,JP0046,Tina Taylor,M,29,Bachelors,5,Davao City,27-Mar-26,56.8,Interviewed
APP02440,JP0093,Patricia Hernandez,female,41,MS,10,Iloilo City,2026-06-25,66.9,Screened
APP02339,JP0090,Mark Richards,M,,BS,3,Makati,06/25/2026,36.2,Rejected
APP00681,JP0027,Alicia Li,M,29,Bachelor,5,,"Mar 05, 2026",,Screened
APP02236,JP0085,Christina Hudson,male,33,BS,5,Quezon City,08-Jun-26,,Screened
APP00353,JP0014,James Parks,Female,31,Bachelors,2,Pasig,2026-01-29,61.2,Rejected
APP02251,JP0086,Chad Allison,male,20,Bachelor,0,Mandaluyong,06/09/2026,49.4,Screened
APP02075,JP0080,Charles Hernandez,female,36,BS,2,Mandaluyong,2026-05-27,88.9,Offered
APP01981,JP0076,Christopher Nelson,M,25,B.S.,3,Iloilo City,05/20/2026,67.4,Screened
APP01137,JP0044,Bianca Knapp,Female,44,Bachelors,10,Taguig,"Apr 06, 2026",36.7,Rejected
APP01433,JP0055,Brian Brown,male,25,M.S.,4,Taguig,10-Apr-26,91.2,Hired
APP01911,JP0074,Crystal Meza,Female,,BS,2,Taguig,15-May-26,66.8,Screened
APP02506,JP0096,Mark Carter,male,26,High School Graduate,0,Taguig,03-Jul-26,51.8,Rejected
APP02525,JP0096,Daniel Reynolds,M,22,Master's Degree,3,Taguig,09-Jul-26,82.7,Offered
APP02242,JP0086,Jason Chaney,female,33,B.S.,8,Cebu City,12-Jun-26,58.5,Interviewed
APP00450,JP0018,Cynthia Vang,M,20,Associate,0,Makati,09-Feb-26,58.0,Screened
APP00915,JP0035,Emily Nelson,female,27,Master's Degree,0,Makati,23-Mar-26,63.1,Rejected
APP01467,JP0057,Mr. Edward Terry,Male,29,Vocational,0,Davao City,2026-04-15,67.0,Interviewed
APP00054,JP0002,Cassandra Gaines,F,22,Master's Degree,2,Mandaluyong,01/02/2026,56.6,Screened
APP00987,JP0038,Taylor Taylor,male,39,Bachelors,3,Mandaluyong,25-Mar-26,75.2,Interviewed
APP02452,JP0094,Frank Brooks,Female,20,Master,1,Pasig,2026-07-02,,Interviewed
APP01965,JP0076,Pamela White,Male,31,BS,7,Iloilo City,06/06/2026,62.1,Interviewed
APP01676,JP0065,Julie Anderson,M,47,Bachelors,9,Quezon City,04/28/2026,57.3,Applied
APP00046,JP0002,Brittany Farmer,female,45,B.S.,16,Quezon City,2026-01-03,66.9,Interviewed
APP02643,JP0100,Jennifer Parker,Male,37,MS,7,Taguig,2026-07-04,90.6,Interviewed
APP00165,JP0007,Daniel Murphy,M,21,B.S.,0,,01/16/2026,54.6,Rejected
APP02000,JP0077,Michelle Richardson,M,20,Master's Degree,0,Quezon City,"May 29, 2026",49.7,Screened
APP02301,JP0088,John Francis,male,37,B.S.,10,Mandaluyong,2026-06-12,54.6,Rejected
APP01891,JP0073,Angelica Vincent,Male,20,Bachelor,0,Taguig,2026-05-21,79.0,Screened
APP00643,JP0025,Amber Cooper,Non-binary,42,Senior High,10,Davao City,2026-02-28,70.1,Interviewed
APP01528,JP0059,Morgan Cummings,Male,45,Bachelor's Degree,7,Davao City,2026-04-20,83.2,Offered
APP00578,JP0023,David Grant,M,20,Vocational,0,Davao City,16-Feb-26,80.5,Screened
APP01737,JP0067,Joanna Kelly,Non-binary,27,Senior High,5,Pasig,2026-05-21,65.0,Rejected
APP01282,JP0050,Mr. Larry Shaw,M,35,Bachelors,3,Cebu City,"Apr 21, 2026",54.7,Rejected
APP00888,JP0034,Jake Shaw,male,30,BS,1,Iloilo City,2026-03-12,38.6,Rejected
APP01571,JP0060,Joshua Mcbride,F,26,Bachelors,1,,"May 09, 2026",36.5,Applied
APP00774,JP0030,Christine Goodwin,male,32,Master,4,Makati,02/24/2026,44.4,Rejected
APP00156,JP0007,Jamie Smith,female,39,High School Graduate,13,Taguig,19-Jan-26,,Screened
APP01866,JP0072,Vanessa Harris,female,33,Bachelor,6,Davao City,2026-05-20,,Applied
APP01285,JP0050,Christopher Mullen,male,36,Bachelor,8,Cebu City,02-Apr-26,36.6,Applied
APP02055,JP0079,Victoria Gray,F,31,Bachelors,8,Quezon City,2026-05-25,,Interviewed
APP00067,JP0003,Gerald Hensley,Female,34,Associate,3,Makati,"Jan 15, 2026",56.8,Screened
APP00874,JP0033,Brittany Jenkins,Male,20,BS,0,Quezon City,20-Mar-26,69.4,Interviewed
APP01730,JP0067,Jennifer Yu,male,25,Vocational,0,,"May 11, 2026",42.7,Rejected
APP02585,JP0098,Martin Hall,Male,30,Bachelor,2,Quezon City,07/09/2026,74.2,Interviewed
APP01068,JP0041,Andre Watson,Female,32,Bachelor's Degree,4,Mandaluyong,03/26/2026,87.7,Screened
APP02228,JP0085,Melissa Foster,male,31,M.S.,7,Cebu City,2026-06-25,100.0,Hired
APP01532,JP0059,Kurt Wagner,M,32,Bachelor,2,Iloilo City,05/02/2026,71.0,Rejected
APP01294,JP0050,Raymond Quinn,male,,Vocational,3,Cebu City,"Apr 22, 2026",86.0,Screened
APP01083,JP0042,Susan Powers,Male,,BS,7,Quezon City,27-Mar-26,79.8,Interviewed
APP00039,JP0002,Mark Perez,F,25,Bachelor's Degree,0,Cebu City,01/07/2026,21.3,Rejected
APP02533,JP0097,Howard Thompson,F,39,Master's Degree,4,Quezon City,2026-07-16,28.5,Rejected
APP00496,JP0020,Jodi Roach,male,21,MS,0,Taguig,24-Feb-26,63.8,Screened
APP00737,JP0029,Michael Fuentes,female,36,BS,2,Quezon City,02-Mar-26,42.7,Screened
APP01551,JP0060,Lori Johns,M,22,BS,1,Iloilo City,04/24/2026,50.9,Rejected
APP01613,JP0062,Jack Mills,female,,Bachelor's Degree,9,Cebu City,01-May-26,61.6,Screened
APP01594,JP0061,Monica Cannon,male,39,HS Graduate,14,Quezon City,"Apr 27, 2026",,Screened
APP02111,JP0081,Sean Morrow,Non-binary,20,Senior High,4,Davao City,"Jun 15, 2026",46.9,Screened
APP01854,JP0072,Philip Fernandez,F,29,Bachelor,3,Makati,25-May-26,69.9,Interviewed
APP02185,JP0083,Jeffrey Drake MD,F,28,Bachelors,0,Quezon City,13-Jun-26,45.9,Rejected
APP00765,JP0030,Mr. Jeffrey Horton,female,36,B.S.,7,Quezon City,15-Mar-26,59.0,Interviewed
APP02500,JP0095,Robert Flowers,Male,27,Bachelor's Degree,0,Quezon City,28-Jun-26,61.6,Interviewed
APP01370,JP0053,William Moon IV,Male,25,BS,2,Quezon City,04/18/2026,64.9,Screened
APP02366,JP0091,Tanner Mann,Female,25,Bachelor,0,Davao City,19-Jun-26,50.7,Applied
APP01085,JP0042,Katherine Welch,M,40,High School Graduate,5,Iloilo City,21-Mar-26,39.5,Rejected
APP02521,JP0096,Melissa Bowen,Male,26,B.S.,9,Taguig,07/08/2026,55.7,Rejected
APP01702,JP0066,Jean Lane,female,34,Bachelor,7,Makati,2026-05-06,49.1,Rejected
APP01280,JP0050,Mitchell Wilson,Male,40,Bachelor,12,Davao City,"Apr 16, 2026",58.1,Rejected
APP01306,JP0051,Kevin Figueroa,M,38,Master's Degree,7,Davao City,2026-04-02,59.6,Screened
APP02313,JP0088,Brent Dawson,Male,,B.S.,8,Pasig,2026-06-21,92.9,Hired
APP01336,JP0052,Christopher Johnson,Female,37,Bachelors,8,Pasig,16-Apr-26,70.0,Screened
APP01178,JP0046,Amber Martin,female,39,Master,4,Pasig,"Mar 24, 2026",70.3,Offered
APP00964,JP0037,Tom Foster,Female,,Associate Degree,0,Pasig,"Mar 08, 2026",49.9,Applied
APP01943,JP0075,Justin Page,M,,Bachelors,1,Makati,05-Jun-26,42.3,Rejected
APP00389,JP0016,Ashley Hicks,female,29,B.S.,0,Mandaluyong,02/10/2026,56.6,Rejected
APP00584,JP0023,Jamie Baird,male,26,Bachelors,5,Pasig,02/17/2026,66.4,Screened
APP00949,JP0037,Robert Stark,Male,30,Bachelors,2,Mandaluyong,25-Mar-26,78.7,Screened
APP00705,JP0027,Shannon Malone,Female,25,Bachelors,0,Pasig,"Mar 03, 2026",46.5,Rejected
APP00418,JP0017,Jack White,Female,36,Master,7,Iloilo City,"Feb 15, 2026",49.4,Screened
APP00291,JP0012,Jeremy Reed,female,27,Master's Degree,5,Mandaluyong,"Feb 02, 2026",46.1,Applied
APP00150,JP0006,Joyce Solis,F,28,Bachelors,6,Mandaluyong,2026-01-25,47.8,Applied
APP01632,JP0063,Joshua Carter,male,36,B.S.,10,Davao City,24-Apr-26,56.6,Screened
APP01716,JP0066,Samantha Howard,M,25,BS,0,Quezon City,05/04/2026,29.0,Rejected
APP01171,JP0046,Levi Lopez,male,41,Master,9,Pasig,29-Mar-26,79.1,Interviewed
APP00027,JP0001,Angie Henderson,Male,24,B.S.,0,Pasig,09-Jan-26,98.3,Offered
APP00577,JP0023,Thomas Peterson,M,20,Bachelor's Degree,0,Davao City,19-Feb-26,79.7,Interviewed
APP02027,JP0078,John Ramirez,Female,25,B.S.,0,Iloilo City,"Jun 09, 2026",77.9,Screened
APP00354,JP0014,David Thompson,female,27,B.S.,3,Cebu City,26-Jan-26,79.2,Screened
APP01252,JP0049,Aaron Carlson,female,33,Bachelors,4,Quezon City,03/30/2026,,Screened
APP00944,JP0036,Brenda Smith,Female,24,Master's Degree,0,Taguig,"Mar 08, 2026",87.6,Hired
APP00265,JP0011,Joshua Reed,female,21,Bachelors,0,Quezon City,02/08/2026,46.9,Rejected
APP00367,JP0015,Glen Wood,male,34,Associate Degree,7,Pasig,2026-01-29,52.2,Rejected
APP00260,JP0011,Veronica Simpson,F,31,Associate,2,Pasig,2026-02-01,39.4,Rejected
APP00688,JP0027,Joseph Hill,F,55,Bachelor,17,Davao City,"Feb 18, 2026",53.1,Rejected
APP01844,JP0071,Bryan Thomas,Female,25,BS,1,Quezon City,2026-05-18,67.1,Rejected
APP00239,JP0010,Shannon Rivera,female,20,BS,0,Davao City,28-Jan-26,58.5,Rejected
APP01748,JP0067,James Gardner,M,29,High School Graduate,0,Quezon City,13-May-26,78.5,Hired
APP00489,JP0019,Robin Brown,Male,,Bachelors,13,Cebu City,"Feb 18, 2026",60.4,Screened
APP01510,JP0058,Alison Short,Male,33,Bachelor's Degree,7,Makati,30-Apr-26,,Rejected
APP01348,JP0052,Destiny Obrien,F,37,Bachelors,5,Mandaluyong,04/21/2026,45.7,Rejected
APP01444,JP0056,Amanda Pineda,female,29,Bachelor,5,Quezon City,24-Apr-26,51.4,Rejected
APP01722,JP0066,Timothy Andrews,female,,B.S.,0,Davao City,05-May-26,62.9,Screened
APP01541,JP0059,Angela Brown,F,20,Master's Degree,0,Cebu City,2026-05-01,66.3,Interviewed
APP02290,JP0087,Margaret Orr,female,33,BS,2,Iloilo City,16-Jun-26,84.2,Offered
APP00230,JP0010,Isaiah Avila,male,41,Associate Degree,13,Pasig,"Jan 29, 2026",8.4,Applied
APP00419,JP0017,Joanna Pacheco,M,20,Bachelor's Degree,0,Makati,"Feb 09, 2026",92.1,Offered
APP01923,JP0074,Michelle Mitchell,male,30,MS,4,Makati,"May 15, 2026",59.7,Screened
APP01200,JP0047,Ashley Parrish,Male,23,Master,0,Iloilo City,2026-04-15,66.9,Screened
APP01869,JP0073,Samuel Ellis,Male,30,Bachelor,8,Taguig,01-Jun-26,90.5,Hired
APP00327,JP0013,Dr. Paul Morgan,Female,25,Bachelor's Degree,2,Makati,02/03/2026,64.3,Interviewed
APP00884,JP0034,Cassie Brock,Male,35,Bachelor,1,Iloilo City,11-Mar-26,48.2,Rejected
APP01135,JP0044,Mariah Robles,F,30,Senior High,9,Cebu City,"Mar 31, 2026",45.8,Rejected
APP02571,JP0098,Lisa James,F,21,Bachelor's Degree,0,Cebu City,2026-07-13,57.6,Screened
APP00017,JP0001,Brian Ramirez,Male,28,Master's Degree,6,Makati,2026-01-11,53.6,Screened
APP01529,JP0059,James Todd,male,30,BS,4,Iloilo City,04/26/2026,43.4,Rejected
APP00716,JP0028,Raymond Johnson,female,20,Bachelors,0,Taguig,03/06/2026,60.7,Screened
APP02325,JP0089,Jennifer Williams,male,34,Bachelor's Degree,0,Mandaluyong,2026-06-12,33.9,Rejected
APP00976,JP0038,Stacey Snyder,Male,38,Senior High,6,Mandaluyong,03/27/2026,59.1,Screened
APP02268,JP0086,Stanley Kelly,Female,32,BS,8,Makati,18-Jun-26,77.6,Screened
APP02375,JP0091,Michael Lucas,Female,33,Bachelor's Degree,8,Cebu City,27-Jun-26,63.6,Screened
APP00366,JP0015,Nicole Parrish,F,29,Bachelor,3,Quezon City,2026-02-13,,Screened
APP01578,JP0061,Jennifer Jenkins,F,26,BS,0,Makati,05/01/2026,68.3,Interviewed
APP00193,JP0008,Angela Vaughn,M,,BS,4,Cebu City,01/21/2026,86.5,Screened
APP00968,JP0038,Elizabeth Flores,male,32,Master's Degree,2,Taguig,2026-03-11,56.9,Rejected
APP02213,JP0084,Mr. William Ward,M,37,Bachelors,5,Davao City,05/31/2026,39.3,Rejected
APP01205,JP0047,Sharon Newton,M,38,Associate Degree,6,Iloilo City,05-Apr-26,70.0,Interviewed
APP01406,JP0054,Christopher Anderson,male,20,Bachelor's Degree,0,Makati,10-Apr-26,96.8,Offered
APP01314,JP0051,Samantha Prince,F,,Bachelors,13,Quezon City,"Apr 18, 2026",,Screened
APP01138,JP0044,David Hinton,F,42,Bachelor,16,,2026-03-27,,Screened
APP00176,JP0008,Samantha Garcia,M,21,Bachelors,3,Taguig,"Jan 17, 2026",62.7,Screened
APP00604,JP0024,Elizabeth Mendez,Male,26,High School Graduate,1,Pasig,2026-02-26,56.9,Applied
APP02006,JP0077,Steven Medina,Male,21,Master's Degree,0,Iloilo City,26-May-26,60.6,Screened
APP01186,JP0046,Janice Petty,Male,37,Bachelors,8,Mandaluyong,"Apr 08, 2026",52.0,Rejected
APP01637,JP0063,Michelle Krause,Female,20,Senior High,0,,2026-04-25,22.8,Applied
APP00623,JP0024,Elizabeth Sharp,Male,20,B.S.,1,Taguig,28-Feb-26,,Screened
APP02457,JP0094,Andrew Gonzalez,male,29,Bachelor,10,Iloilo City,06/27/2026,38.9,Rejected
APP00996,JP0039,Anthony Armstrong,male,32,Master,4,,29-Mar-26,75.6,Offered
APP00940,JP0036,Michael Thompson,male,33,B.S.,6,Taguig,"Mar 13, 2026",55.2,Screened
APP00368,JP0015,Debra White,Non-binary,43,Bachelor,7,Mandaluyong,2026-02-07,60.3,Rejected
APP02216,JP0085,Cheryl Turner,male,25,Bachelor's Degree,5,Makati,"Jun 11, 2026",76.4,Screened
APP01780,JP0069,John Mcfarland,Male,20,B.S.,0,Cebu City,23-May-26,38.4,Rejected
APP00596,JP0023,Randy Smith,female,33,BS,11,Taguig,"Feb 22, 2026",41.6,Rejected
APP00731,JP0028,Christian Dawson,F,22,M.S.,0,Pasig,02/26/2026,51.6,Rejected
APP00818,JP0032,Heather Brown,male,28,Bachelor,5,Cebu City,03/01/2026,63.4,Screened
APP00706,JP0027,Robert Jackson,M,34,Bachelors,4,Taguig,2026-02-28,86.4,Interviewed
APP01893,JP0073,Samantha Chavez,Male,31,Bachelors,9,Iloilo City,"May 31, 2026",70.0,Interviewed
APP00137,JP0006,Robert Potter,Female,32,M.S.,1,Quezon City,"Jan 14, 2026",51.3,Rejected
APP00649,JP0025,Joseph Wilson,female,29,Bachelors,0,Mandaluyong,02/22/2026,100.0,Hired
APP00323,JP0013,Dana Martinez,F,22,Master's Degree,0,Cebu City,2026-01-24,37.9,Applied
APP01671,JP0065,Megan Anderson,female,20,B.S.,0,Iloilo City,"May 06, 2026",92.3,Offered
APP02032,JP0078,James Stevens,Female,28,BS,4,Cebu City,2026-06-03,60.4,Rejected
APP01104,JP0043,Lorraine Turner,F,27,Senior High,0,Iloilo City,"Apr 01, 2026",40.3,Rejected
APP01361,JP0052,Austin Schultz,Prefer not to say,31,M.S.,5,Pasig,"Apr 12, 2026",29.4,Rejected
APP01995,JP0077,Kurt Ewing,Male,29,Bachelors,7,Cebu City,05/25/2026,23.4,Applied
APP00689,JP0027,Anthony Jones,male,44,B.S.,10,Taguig,02/22/2026,28.8,Rejected
APP01060,JP0041,Corey Whitaker,F,22,BS,1,Cebu City,03/19/2026,97.3,Hired
APP02507,JP0096,Whitney Jones,Male,38,Master's Degree,11,Iloilo City,07/01/2026,39.9,Rejected
APP02337,JP0090,Christina Faulkner,male,40,Master's Degree,10,Cebu City,20-Jun-26,,Rejected
APP02445,JP0093,Yolanda Keith,F,33,Bachelor,8,Iloilo City,30-Jun-26,,Rejected
APP01105,JP0043,Nathan Wilson,M,29,Bachelor,6,Pasig,04/10/2026,27.4,Rejected
APP00483,JP0019,Jeffrey Mendez,F,28,Bachelor,3,Cebu City,"Feb 19, 2026",80.6,Offered
APP01219,JP0048,Robert Griffin,female,40,Bachelors,7,Iloilo City,01-Apr-26,69.6,Screened
APP01839,JP0071,Robert Walker PhD,female,20,Bachelor,0,Quezon City,14-May-26,64.1,Rejected
APP02629,JP0100,Karen Chambers,Female,20,Master,2,Makati,"Jul 13, 2026",51.4,Screened
APP02385,JP0091,Craig Nicholson,female,24,Bachelor's Degree,1,Quezon City,14-Jun-26,42.6,Applied
APP01092,JP0043,Shawn Scott,F,34,M.S.,0,,"Mar 22, 2026",,Rejected
APP01952,JP0075,Robert Waller,Male,23,B.S.,2,Quezon City,2026-06-01,57.6,Screened
APP00339,JP0014,Scott Thomas,Male,24,B.S.,1,Mandaluyong,01/29/2026,76.6,Offered
APP01673,JP0065,Steven Flores,F,32,Vocational,3,Quezon City,09-May-26,74.0,Interviewed
APP02226,JP0085,Steven Butler,Female,20,Bachelor's Degree,0,Makati,"Jun 21, 2026",49.5,Screened
APP01729,JP0067,Benjamin Smith,Male,38,Bachelors,8,Cebu City,"May 18, 2026",78.4,Screened
APP01595,JP0061,Samuel Henry,Female,27,Bachelors,3,Iloilo City,28-Apr-26,61.0,Rejected
APP02528,JP0096,Austin Ross,Female,31,Associate Degree,5,Pasig,07/10/2026,,Interviewed
APP00830,JP0032,Tamara Riddle,M,27,M.S.,0,Pasig,2026-03-04,67.7,Interviewed
APP01042,JP0041,James Johnson,male,42,B.S.,12,Makati,03-Apr-26,21.2,Applied
APP00253,JP0011,Joyce Bowen,male,20,Master,0,Quezon City,2026-01-31,10.5,Applied
APP02545,JP0097,Kari Jones,F,20,High School Graduate,0,Pasig,"Jul 15, 2026",76.7,Offered
APP00870,JP0033,Antonio Mccormick,Female,26,B.S.,1,Mandaluyong,2026-03-15,44.1,Applied
APP00115,JP0005,Cameron Parker,M,27,Associate,1,Davao City,"Jan 28, 2026",74.2,Screened
APP01731,JP0067,Toni Miller,Male,20,Associate Degree,0,Davao City,"May 09, 2026",,Applied
APP00118,JP0005,Sierra Johnson,Female,23,B.S.,0,Cebu City,10-Jan-26,78.9,Screened
APP01656,JP0064,Michael Marsh,M,33,Master,0,Makati,"Apr 27, 2026",50.5,Screened
APP00845,JP0033,Jorge Harris,female,35,Bachelor,10,Iloilo City,2026-03-09,42.4,Applied
APP01688,JP0065,Angel Meyer,F,27,Bachelor's Degree,2,Mandaluyong,2026-04-27,79.3,Screened
APP01941,JP0075,Tyler Avila,M,28,MS,2,Quezon City,06/05/2026,33.8,Screened
APP01367,JP0053,Kevin Nguyen,Male,32,BS,1,Davao City,15-Apr-26,,Applied
APP01570,JP0060,Alejandra Price,Female,,Bachelor's Degree,0,Iloilo City,2026-05-02,71.8,Screened
APP01942,JP0075,Jill Powers,F,,Associate Degree,0,Makati,"May 20, 2026",94.4,Screened
APP02618,JP0100,Carolyn Brooks,F,26,BS,0,,07/19/2026,65.2,Screened
APP01377,JP0053,Kenneth Brown,female,27,MS,5,Cebu City,26-Apr-26,49.2,Screened
APP01691,JP0065,David Walker,Female,30,Bachelor's Degree,1,Makati,27-Apr-26,39.4,Rejected
APP00724,JP0028,Timothy Edwards,male,28,B.S.,1,,2026-02-24,95.2,Hired
APP00064,JP0003,Brittney Phillips,Male,31,Master,8,Makati,2026-01-09,31.2,Rejected
APP02079,JP0080,Kelly Calderon,F,20,B.S.,4,Taguig,06/13/2026,54.6,Rejected
APP02541,JP0097,Mrs. Kimberly Mooney,F,44,M.S.,8,Makati,2026-07-09,24.1,Rejected
APP00470,JP0019,Howard Norman,Non-binary,20,M.S.,6,Quezon City,05-Feb-26,43.5,Rejected
APP01890,JP0073,Nicole Johnson,male,23,Associate,3,,2026-05-16,57.9,Rejected
APP01602,JP0062,Susan Hogan,Female,27,Associate Degree,0,Cebu City,2026-05-01,64.9,Screened
APP02644,JP0100,Anthony White,Female,23,Associate,2,Taguig,07/09/2026,65.2,Screened
APP01170,JP0046,Mr. Anthony Mcconnell PhD,female,34,HS Graduate,11,Iloilo City,04/07/2026,76.2,Screened
APP02174,JP0083,Tiffany Hood,Male,34,HS Graduate,9,Pasig,06/10/2026,78.3,Screened
APP02277,JP0087,Natalie Martinez,male,26,Bachelor,4,Makati,06/18/2026,63.4,Rejected
APP01636,JP0063,Lisa Grant,Non-binary,22,Master's Degree,0,Pasig,06-May-26,64.2,Screened
APP00400,JP0016,Madison Weber,female,28,BS,0,Mandaluyong,"Feb 03, 2026",50.4,Rejected
APP00738,JP0029,Melissa Stephens,Prefer not to say,23,BS,0,Iloilo City,02/24/2026,40.6,Rejected
APP01567,JP0060,Joshua Harris,M,34,Associate,5,Makati,2026-05-06,97.5,Hired
APP01934,JP0074,David Washington,female,,BS,3,Davao City,2026-05-14,54.5,Screened
APP01489,JP0057,Joseph Jimenez,M,32,MS,0,Iloilo City,14-Apr-26,49.3,Screened
APP02069,JP0079,Donna Williams,Female,23,BS,2,Mandaluyong,2026-05-27,65.6,Screened
APP01312,JP0051,James Morgan,female,35,HS Graduate,2,Taguig,2026-04-19,39.7,Rejected
APP02128,JP0081,Heather Guzman,F,31,B.S.,2,Iloilo City,06/11/2026,56.0,Rejected
APP00749,JP0029,Valerie Taylor,Male,35,BS,5,Iloilo City,02/23/2026,57.0,Interviewed
APP00789,JP0031,Zachary Cole,Male,32,BS,7,Makati,12-Mar-26,37.9,Applied
APP02465,JP0094,Katrina Jimenez,Male,25,Senior High,0,Makati,25-Jun-26,73.1,Interviewed
APP01506,JP0058,Anne Hardy,Male,29,Bachelors,2,Davao City,04/23/2026,93.7,Offered
APP02231,JP0085,Alan Waller,female,41,Associate Degree,12,Makati,25-Jun-26,88.5,Offered
APP01622,JP0063,Kyle Sanchez,male,32,Bachelors,5,Davao City,04/23/2026,,Offered
APP02601,JP0099,Miranda Hicks,M,31,Associate,2,Quezon City,"Jul 07, 2026",,Rejected
APP00132,JP0006,Kathy Rivas,male,23,B.S.,0,,"Jan 29, 2026",46.6,Applied
APP02184,JP0083,David Johnson,female,25,MS,0,Iloilo City,2026-06-16,95.5,Hired
APP01642,JP0063,Amanda Nash,Male,50,MS,9,Mandaluyong,10-May-26,58.9,Screened
APP02238,JP0085,Michelle Petty,male,32,Bachelor,5,Quezon City,2026-06-22,57.5,Rejected
APP00695,JP0027,Crystal Mann,female,47,B.S.,12,Makati,06-Mar-26,66.9,Rejected
APP00839,JP0032,Michael Poole,female,37,Master,4,Davao City,02/27/2026,59.9,Interviewed
APP01986,JP0076,Brenda Perez,Male,,Bachelor's Degree,12,Mandaluyong,29-May-26,37.2,Rejected
APP01811,JP0070,Karen Bradley,female,43,Master's Degree,12,Iloilo City,28-May-26,66.1,Rejected
APP01944,JP0075,Diana Johnson,Female,30,Associate Degree,0,Pasig,05/17/2026,87.2,Screened
APP00690,JP0027,James Watson,Female,25,Associate Degree,0,Cebu City,03/08/2026,49.9,Rejected
APP02344,JP0090,Donna Stanton,M,,High School Graduate,0,Cebu City,06/13/2026,,Rejected
APP00912,JP0035,David Kelly,male,24,Bachelors,0,Davao City,2026-03-17,55.4,Applied
APP00922,JP0035,Johnathan Brown,Male,33,B.S.,2,Mandaluyong,"Mar 18, 2026",72.9,Screened
APP00463,JP0018,Alfred Galvan,female,31,Bachelor's Degree,4,Davao City,"Feb 21, 2026",59.0,Screened
APP02519,JP0096,Jane Reese,male,20,Bachelor,3,Iloilo City,12-Jul-26,25.6,Rejected
APP02046,JP0078,Janet Shelton,Male,21,High School Graduate,0,Quezon City,06/05/2026,76.3,Interviewed
APP01398,JP0054,Crystal Garcia,Male,31,Bachelor's Degree,9,Iloilo City,12-Apr-26,,Interviewed
APP00167,JP0007,Alyssa Day,Male,31,BS,6,Cebu City,01/27/2026,58.9,Screened
APP00726,JP0028,Jerry Peters,Female,36,M.S.,2,Mandaluyong,26-Feb-26,49.4,Rejected
APP01775,JP0069,Stephanie Dominguez,Male,34,Master's Degree,5,,2026-05-20,63.2,Screened
APP01316,JP0051,John Mendez,Male,27,Bachelors,0,Iloilo City,2026-04-21,76.2,Interviewed
APP00020,JP0001,Justin Baker,female,42,Master,9,Mandaluyong,01/12/2026,41.6,Applied
APP01658,JP0064,Alexander Webb,male,23,B.S.,3,Mandaluyong,2026-05-08,33.5,Applied
APP01712,JP0066,Brandon Smith,female,40,High School Graduate,7,Mandaluyong,05/04/2026,46.4,Applied
APP01000,JP0039,Christina Johnson,male,35,BS,2,Makati,2026-03-24,69.0,Screened
APP01183,JP0046,Pamela Hill,F,31,Master's Degree,4,Quezon City,04/07/2026,56.6,Rejected
APP01050,JP0041,Danielle Bryant,male,27,B.S.,3,Pasig,2026-03-31,100.0,Offered
APP01820,JP0071,Alexis Tucker,male,31,M.S.,6,Pasig,"May 15, 2026",,Applied
APP01423,JP0055,Wayne Wolfe,F,42,Master,4,Davao City,"Apr 14, 2026",65.4,Rejected
APP02096,JP0081,Kaitlin Gutierrez,male,28,Bachelors,4,Quezon City,2026-05-30,61.3,Screened
APP01363,JP0053,Michael Smith,F,33,Vocational,2,Mandaluyong,"Apr 28, 2026",40.2,Rejected
APP00053,JP0002,Fred Smith,M,34,Associate,8,Quezon City,01/07/2026,54.7,Screened
APP01405,JP0054,Denise Wallace,F,34,BS,7,Davao City,"Apr 18, 2026",50.8,Rejected
APP01842,JP0071,Todd Bishop,Female,30,B.S.,1,Taguig,"May 19, 2026",44.6,Applied
APP01933,JP0074,Thomas Sullivan,male,30,M.S.,0,Cebu City,"May 27, 2026",46.9,Applied
APP01553,JP0060,David Moreno,M,39,Associate Degree,10,Pasig,"Apr 24, 2026",56.6,Screened
APP01426,JP0055,Kyle Welch,F,34,BS,6,Quezon City,2026-04-13,54.9,Rejected
APP00621,JP0024,Casey Chase,male,31,Master's Degree,3,Taguig,2026-02-14,51.2,Screened
APP01121,JP0044,Michael Brown,F,34,Bachelor,4,Quezon City,03/21/2026,38.2,Rejected
APP00029,JP0001,Zachary Hicks,male,27,Bachelor,0,Cebu City,01/24/2026,37.0,Applied
APP00456,JP0018,Joann Ferguson,Male,20,Bachelor's Degree,2,Iloilo City,07-Feb-26,80.9,Hired
APP01517,JP0059,Erica Glass,Female,32,Master's Degree,5,Davao City,05/01/2026,56.8,Screened
APP02428,JP0093,William Cox,Female,40,Bachelor's Degree,10,Iloilo City,2026-06-17,57.6,Rejected
APP00466,JP0019,Mark Cox,M,31,Senior High,9,Cebu City,2026-02-19,25.5,Rejected
APP01260,JP0049,Jerry Jensen,Male,30,BS,0,Taguig,"Apr 07, 2026",59.8,Rejected
APP01286,JP0050,Mary Campbell,female,40,Bachelors,9,Pasig,"Apr 13, 2026",23.4,Applied
APP02087,JP0080,Cynthia Martinez,female,36,Associate,11,Pasig,2026-06-10,,Applied
APP01379,JP0053,John Austin,male,31,Senior High,7,Iloilo City,23-Apr-26,45.5,Rejected
APP01323,JP0051,Rebecca Hoover,Female,29,MS,5,Davao City,04/16/2026,88.4,Interviewed
APP00247,JP0010,Andrew Reynolds,F,34,Bachelor's Degree,6,Makati,01/27/2026,65.9,Screened
APP00569,JP0022,Angel Gordon,F,31,Bachelors,4,Cebu City,"Mar 02, 2026",79.2,Screened
APP00520,JP0020,Amy Martinez,female,30,HS Graduate,5,Mandaluyong,02/10/2026,46.9,Rejected
APP02140,JP0082,Tracy George,Male,29,Master's Degree,5,Makati,"May 27, 2026",49.5,Screened
APP01222,JP0048,Brandon Brown,F,30,BS,4,Quezon City,2026-04-09,52.1,Rejected
APP01133,JP0044,Jason Williams,male,20,Master's Degree,0,Taguig,05-Apr-26,35.2,Rejected
APP00715,JP0028,Randy Friedman,male,26,B.S.,2,Taguig,03/08/2026,60.0,Interviewed
APP00760,JP0029,Laura Jackson,M,34,Senior High,5,Davao City,"Feb 20, 2026",89.6,Hired
APP02348,JP0090,William Casey,female,24,Bachelor,2,Mandaluyong,"Jun 14, 2026",48.3,Rejected
APP00061,JP0003,Brent Jordan,female,,Bachelors,4,Quezon City,21-Jan-26,57.7,Interviewed
APP00642,JP0025,Joyce Brown,Female,35,Senior High,2,Pasig,03/01/2026,89.6,Interviewed
APP01164,JP0046,Christina Weber,F,41,Bachelors,10,Pasig,04/06/2026,45.5,Applied
APP01845,JP0072,Jaime Walker,Female,20,B.S.,0,Mandaluyong,13-May-26,36.3,Applied
APP00585,JP0023,Jason Love,female,31,Bachelors,6,Quezon City,2026-03-01,46.9,Rejected
APP01321,JP0051,Carolyn Greer,Male,20,Vocational,0,Davao City,2026-04-04,96.9,Hired
APP01390,JP0054,David Reynolds,Female,20,Associate,0,Pasig,17-Apr-26,86.2,Screened
APP02318,JP0089,Julia Cole,M,,Bachelors,0,Davao City,"Jun 28, 2026",68.6,Screened
APP00926,JP0036,Curtis Wilkerson,M,33,M.S.,4,Makati,10-Mar-26,44.8,Applied
APP02480,JP0094,Melinda Hill,Female,21,Associate,0,Mandaluyong,"Jul 05, 2026",45.8,Applied
APP01261,JP0049,Stephanie Cooper,male,32,Vocational,0,,"Mar 29, 2026",75.3,Screened
APP00904,JP0035,Ashley Moreno,female,30,Bachelor's Degree,0,Mandaluyong,22-Mar-26,73.1,Screened
APP01293,JP0050,Nancy Webb,M,29,High School Graduate,2,Cebu City,04/14/2026,81.1,Interviewed
APP02113,JP0081,Courtney Vaughan,Male,31,B.S.,3,Mandaluyong,06/06/2026,27.3,Applied
APP02554,JP0097,Teresa Martinez,M,32,B.S.,7,Iloilo City,02-Jul-26,,Applied
APP01726,JP0067,Greg Osborne,male,36,MS,10,Iloilo City,19-May-26,57.6,Applied
APP01598,JP0062,Richard Hunt,F,31,BS,3,Makati,"Apr 24, 2026",49.8,Screened
APP01153,JP0045,Joseph Haynes,Male,40,Bachelors,11,Cebu City,01-Apr-26,90.8,Hired
APP02125,JP0081,Dawn Davis,M,23,HS Graduate,0,Taguig,"May 29, 2026",57.9,Screened
APP00692,JP0027,Adam Jackson,Male,33,Vocational,2,Quezon City,06-Mar-26,41.6,Applied
APP02403,JP0092,Thomas Ramos,F,37,Master's Degree,8,Mandaluyong,21-Jun-26,,Rejected
APP01029,JP0040,Kristine Garcia,male,34,B.S.,3,Quezon City,28-Mar-26,62.5,Interviewed
APP00752,JP0029,Vincent Novak,female,22,Bachelor,0,Pasig,"Mar 01, 2026",63.4,Interviewed
APP02090,JP0080,Samuel Stuart,M,21,Master's Degree,0,,05/28/2026,63.1,Screened
APP01597,JP0062,Michael Barnes,M,34,BS,5,Mandaluyong,30-Apr-26,45.9,Applied
APP00506,JP0020,Robert Arnold,female,24,Master's Degree,0,Mandaluyong,16-Feb-26,,Screened
APP00092,JP0004,Mike Allen,F,35,BS,8,Pasig,2026-01-14,66.9,Screened
APP02349,JP0090,Elizabeth Foster,Male,37,Associate Degree,9,Quezon City,26-Jun-26,39.7,Applied
APP01311,JP0051,Dale Heath,Female,27,Senior High,5,Taguig,2026-04-04,79.5,Interviewed
APP00920,JP0035,Dale Chan,M,24,Associate,0,Iloilo City,"Mar 15, 2026",70.2,Screened
APP01410,JP0054,Christopher Perez,Female,,BS,7,Cebu City,04/12/2026,63.8,Rejected
APP02536,JP0097,Eugene Price,female,30,Vocational,5,Pasig,2026-07-06,42.7,Applied
APP01100,JP0043,Kara Hernandez,M,29,Bachelors,1,Cebu City,2026-03-25,48.2,Screened
APP00145,JP0006,David Wright,M,26,Vocational,4,Davao City,28-Jan-26,35.8,Applied
APP00764,JP0030,Carly Riggs,Female,36,Master's Degree,9,,"Mar 11, 2026",53.5,Rejected
APP00319,JP0013,Ariana Jennings,male,26,MS,5,Makati,"Feb 08, 2026",54.3,Rejected
APP00008,JP0001,Abigail Shaffer,female,37,Bachelors,8,Taguig,"Jan 15, 2026",72.2,Interviewed
APP00935,JP0036,Kathryn Price,F,20,Bachelor,3,Quezon City,2026-03-10,10.1,Rejected
APP01815,JP0070,Priscilla Floyd,Female,30,B.S.,0,Iloilo City,2026-05-11,61.3,Screened
APP00748,JP0029,Steven Stein,male,36,Bachelor's Degree,4,Iloilo City,03/06/2026,,Hired
APP00907,JP0035,Casey Wilkins,M,35,Master,9,Makati,17-Mar-26,70.0,Interviewed
APP00468,JP0019,Katie Mcneil,F,20,B.S.,1,Cebu City,16-Feb-26,73.6,Screened
APP00183,JP0008,Tina Sanders,Non-binary,30,HS Graduate,8,Iloilo City,31-Jan-26,68.9,Screened
APP00154,JP0007,Michael Powell,Female,28,Bachelor's Degree,0,Iloilo City,01/28/2026,62.1,Rejected
APP00448,JP0018,Courtney Hayes,male,37,Associate Degree,8,Mandaluyong,"Feb 15, 2026",62.6,Screened
APP00492,JP0019,Heather Williams,Female,32,Bachelor,10,Pasig,"Feb 07, 2026",37.2,Rejected
APP02082,JP0080,Tony Ramsey,Female,,Master's Degree,10,Quezon City,07-Jun-26,61.2,Applied
APP01158,JP0045,Matthew Wright,Male,44,Vocational,6,Taguig,13-Apr-26,,Offered
APP01327,JP0051,Richard Gordon,Male,45,M.S.,7,Mandaluyong,2026-04-02,67.7,Interviewed
APP02405,JP0092,Kenneth Johnson,male,24,Bachelors,0,Mandaluyong,21-Jun-26,,Screened
APP01114,JP0043,Breanna Rivas,female,28,Bachelor's Degree,3,Pasig,30-Mar-26,45.9,Applied
APP02547,JP0097,Dana Dodson,M,24,Bachelors,3,Taguig,07/07/2026,73.5,Interviewed
APP01442,JP0056,Derrick Espinoza,male,36,Master,8,Quezon City,04/22/2026,81.0,Screened
APP01476,JP0057,Steve Miller PhD,Male,24,Bachelor,7,Cebu City,2026-04-23,32.5,Rejected
APP02142,JP0082,Pam Baker,M,38,Bachelor,6,Davao City,06/09/2026,51.6,Rejected
APP01949,JP0075,Lauren Walker,M,22,B.S.,0,Quezon City,2026-05-19,79.8,Offered
APP01679,JP0065,Julia Reeves,Female,26,B.S.,4,,09-May-26,82.2,Interviewed
APP01719,JP0066,Brian Cervantes,M,42,Bachelor's Degree,9,Mandaluyong,05/04/2026,67.2,Screened
APP02085,JP0080,Lori Boyd,Female,37,Master,6,Taguig,06/04/2026,80.7,Offered
APP00274,JP0011,Cynthia Moore,F,31,Bachelor's Degree,4,Taguig,02/05/2026,81.1,Interviewed
APP02045,JP0078,Mark Taylor Jr.,Male,29,B.S.,2,Mandaluyong,01-Jun-26,83.3,Interviewed
APP00306,JP0013,Trevor Johnson,Male,41,Bachelors,6,Taguig,"Feb 06, 2026",49.4,Applied
APP00449,JP0018,Robert Harrison,male,23,Bachelor's Degree,3,Quezon City,2026-02-06,81.4,Offered
APP01809,JP0070,Laura Robertson,male,43,Bachelor,12,Cebu City,28-May-26,80.3,Screened
APP01557,JP0060,Diana Hernandez,male,,Senior High,1,Mandaluyong,2026-05-10,44.5,Applied
APP00823,JP0032,Scott Alexander,M,38,Bachelors,5,Mandaluyong,03/15/2026,58.6,Screened
APP02097,JP0081,Alisha Rasmussen,female,23,Bachelors,0,Davao City,2026-06-07,70.4,Screened
APP01713,JP0066,Ann Montoya,male,29,Master's Degree,6,Iloilo City,18-May-26,62.5,Rejected
APP01416,JP0055,Christopher Pena,M,45,BS,15,,19-Apr-26,65.5,Interviewed
APP01210,JP0047,Michele Holland,Female,43,Associate Degree,7,Cebu City,03-Apr-26,56.5,Rejected
APP02052,JP0079,Mario Chavez,male,26,B.S.,2,Mandaluyong,27-May-26,50.5,Applied
APP00097,JP0004,Shirley Suarez,M,40,HS Graduate,12,Quezon City,"Jan 08, 2026",55.5,Screened
APP01384,JP0054,Laura Sweeney,M,37,Master,2,Pasig,2026-04-08,65.2,Applied
APP02595,JP0099,Christopher Lopez,Male,33,Bachelors,4,Quezon City,11-Jul-26,76.2,Interviewed
APP01479,JP0057,Christina Washington,female,34,Master,5,Taguig,05/03/2026,40.3,Applied
APP00778,JP0030,Cody Davidson,male,36,B.S.,4,Makati,2026-02-26,40.3,Rejected
APP01687,JP0065,Kim Beltran,female,38,High School Graduate,1,Mandaluyong,"May 09, 2026",56.3,Applied
APP00074,JP0003,Shannon Jones,Female,29,MS,4,Makati,2026-01-24,66.5,Hired
APP02569,JP0098,Vicki Horton,Male,33,Master's Degree,8,Iloilo City,"Jun 29, 2026",75.7,Hired
APP01275,JP0050,Matthew Houston,Male,32,B.S.,6,Davao City,04/22/2026,64.6,Rejected
APP01961,JP0075,Jennifer Vasquez,F,36,Bachelor,8,Davao City,05/28/2026,,Rejected
APP02245,JP0086,Michelle House,Male,26,Bachelors,1,Taguig,14-Jun-26,51.6,Screened
APP01257,JP0049,Monica Brooks,F,30,Bachelor's Degree,3,Iloilo City,04/16/2026,84.2,Offered
APP00100,JP0005,Crystal Johnson,female,27,Master,4,Mandaluyong,01/29/2026,64.3,Screened
APP02489,JP0095,Brittany Cisneros,M,30,Associate Degree,5,Pasig,06/24/2026,56.1,Screened
APP00973,JP0038,Nicholas Payne,Male,23,Associate,1,Iloilo City,16-Mar-26,49.1,Applied
APP00528,JP0020,Brian Fitzgerald,male,36,Vocational,1,Cebu City,15-Feb-26,75.5,Interviewed
APP01794,JP0069,Megan Decker,F,44,B.S.,10,Taguig,27-May-26,72.7,Screened
APP00992,JP0039,Blake Orr,male,28,BS,1,Iloilo City,30-Mar-26,50.0,Rejected
APP01209,JP0047,Emily Arnold,male,20,Bachelor,0,Mandaluyong,2026-03-28,52.9,Interviewed
APP01402,JP0054,Joanna Cook,F,27,Bachelor,0,Makati,04/13/2026,69.1,Screened
APP00575,JP0023,Melissa Taylor,Female,29,B.S.,5,Quezon City,"Mar 01, 2026",61.8,Rejected
APP00781,JP0030,Jason Nixon,M,33,BS,7,Pasig,"Feb 27, 2026",58.3,Interviewed
APP00031,JP0001,Derek Zuniga,M,34,Bachelor's Degree,10,Makati,"Jan 11, 2026",63.3,Rejected
APP01056,JP0041,Kathy Reid,Female,25,Bachelor's Degree,4,Taguig,03/17/2026,93.2,Screened
APP01459,JP0056,Ruth Clayton,female,39,Master's Degree,11,Mandaluyong,2026-04-17,68.2,Screened
APP02171,JP0083,Ann Phelps,female,27,Master,0,Cebu City,"Jun 10, 2026",49.8,Rejected
APP00283,JP0012,Elaine Brooks,F,23,Bachelor,0,Mandaluyong,01/22/2026,,Screened
APP02347,JP0090,Eric Russell,male,37,Bachelor,6,Taguig,"Jun 30, 2026",82.2,Interviewed
APP00423,JP0017,Robin Santiago,male,28,Bachelors,5,Makati,"Feb 20, 2026",59.2,Rejected
APP01331,JP0051,Karen Wood,male,,Bachelor,5,Pasig,2026-04-20,33.6,Rejected
APP01542,JP0059,Wanda Ramos,M,35,Bachelors,6,Mandaluyong,2026-04-21,43.0,Applied
APP00656,JP0026,Michael Morrison,female,20,Associate,0,Pasig,2026-03-04,59.3,Rejected
APP00052,JP0002,James Ferrell,Male,40,Bachelors,10,Quezon City,09-Jan-26,91.2,Hired
APP01338,JP0052,Jessica Harris,female,24,M.S.,4,Makati,2026-04-22,69.8,Screened
APP00718,JP0028,Willie Henry,F,31,BS,0,Taguig,25-Feb-26,62.1,Rejected
APP00959,JP0037,Sarah Thompson,Female,31,BS,5,Davao City,2026-03-11,83.6,Screened
APP02005,JP0077,Cathy Bell,M,25,B.S.,1,Makati,07-Jun-26,77.2,Screened
APP00201,JP0009,Julie Alexander,F,,Associate,0,Cebu City,01/30/2026,44.2,Screened
APP02042,JP0078,John Morrison,male,39,BS,7,Davao City,2026-05-23,85.7,Interviewed
APP01175,JP0046,Mitchell Griffith,male,30,Bachelor's Degree,6,Taguig,"Mar 30, 2026",75.6,Offered
APP00300,JP0013,Brett Burns,male,28,Bachelors,1,Cebu City,01/27/2026,61.7,Rejected
APP00555,JP0022,Nancy Evans MD,female,23,B.S.,0,Iloilo City,"Feb 20, 2026",53.7,Rejected
APP01386,JP0054,Jonathan Clark,male,20,Bachelors,4,Quezon City,2026-04-26,97.5,Hired
APP01089,JP0042,Mark Smith,female,29,BS,3,Makati,04/02/2026,28.7,Rejected
APP02059,JP0079,Jennifer Perez PhD,Male,26,BS,2,Taguig,"Jun 04, 2026",63.1,Rejected
APP00340,JP0014,Cynthia Morris,Male,21,BS,0,Makati,01/27/2026,71.9,Interviewed
APP00149,JP0006,Stephanie Salazar,Female,20,Bachelor,0,Cebu City,"Jan 24, 2026",45.0,Rejected
APP02050,JP0079,Catherine Smith,Male,36,HS Graduate,2,Quezon City,06/05/2026,43.3,Rejected
APP02160,JP0082,Donna Snyder,female,28,B.S.,0,Mandaluyong,2026-06-09,75.4,Screened
APP01109,JP0043,Jennifer James,male,20,Senior High,0,Cebu City,"Mar 26, 2026",52.8,Rejected
APP00861,JP0033,Jessica Bowen,M,26,Master's Degree,1,Mandaluyong,20-Mar-26,58.9,Interviewed
APP00983,JP0038,Marie Thompson,female,29,B.S.,8,Makati,03/15/2026,100.0,Offered
APP01086,JP0042,Catherine Davis,male,,Master,8,Taguig,03/25/2026,79.0,Interviewed
APP02178,JP0083,Richard Mitchell,Female,31,Bachelor's Degree,5,Mandaluyong,06/01/2026,37.2,Applied
APP00173,JP0007,Michelle Brown,Male,27,B.S.,2,Mandaluyong,2026-01-15,77.8,Screened
APP01899,JP0073,Eric Warner,Male,39,BS,7,Pasig,05/27/2026,48.7,Screened
APP02340,JP0090,Jason Miller,Female,34,Bachelors,4,Quezon City,27-Jun-26,47.9,Screened
APP01009,JP0039,Dennis Marshall,female,20,B.S.,5,Taguig,17-Mar-26,,Screened
APP02053,JP0079,Victor Harmon,F,33,Bachelor's Degree,10,Mandaluyong,2026-06-05,47.3,Rejected
APP02230,JP0085,Johnny Mcmillan,male,20,Bachelor,0,Davao City,"Jun 16, 2026",50.2,Rejected
APP00185,JP0008,Michael Elliott,M,25,Vocational,5,Quezon City,19-Jan-26,,Interviewed
APP02358,JP0090,Jessica Buck,male,36,B.S.,5,Pasig,06/19/2026,45.3,Screened
APP01544,JP0059,Nicholas Long,male,25,BS,0,Mandaluyong,05-May-26,55.7,Interviewed
APP02516,JP0096,Jennifer Moore,F,20,Associate,0,Makati,07/10/2026,83.8,Hired
APP01212,JP0047,Tracey Phillips,male,27,Bachelors,2,Iloilo City,"Apr 07, 2026",59.2,Rejected
APP02043,JP0078,Ryan Hardy,Male,25,B.S.,2,Quezon City,05/27/2026,,Hired
APP02490,JP0095,Brian Hudson,F,23,B.S.,0,Davao City,07/09/2026,63.7,Applied
APP01826,JP0071,Brenda Copeland,female,29,Bachelors,3,Quezon City,"May 23, 2026",56.8,Rejected
APP01670,JP0065,Shane Short,F,23,BS,0,Pasig,08-May-26,91.1,Offered
APP02035,JP0078,Micheal Perkins,Female,24,B.S.,4,Iloilo City,06/05/2026,93.4,Offered
APP00899,JP0034,Patrick Yang,Female,23,Bachelor,2,Mandaluyong,03/18/2026,74.0,Hired
APP02407,JP0092,Jordan Pace,male,35,MS,9,Davao City,2026-06-15,88.5,Hired
APP00927,JP0036,Amy Ramirez,female,41,Associate,6,Taguig,2026-03-09,50.1,Rejected
APP02397,JP0092,Jessica Carney,M,44,M.S.,12,Quezon City,"Jun 25, 2026",85.7,Interviewed
APP00343,JP0014,Sharon Boyd,M,43,HS Graduate,11,Cebu City,"Feb 02, 2026",66.8,Screened
APP02227,JP0085,Amber Smith,female,32,Bachelor's Degree,5,Cebu City,2026-06-08,66.5,Rejected
APP02633,JP0100,Victoria Juarez,Female,34,HS Graduate,4,Davao City,"Jul 03, 2026",42.7,Screened
APP01607,JP0062,Jesse Wright,male,47,Bachelor,10,Makati,2026-04-21,67.2,Screened
APP00410,JP0016,Chad Scott,F,25,Bachelor's Degree,0,Pasig,2026-02-01,83.8,Hired
APP01796,JP0069,Tammy Hill,male,,Bachelor's Degree,0,Davao City,"May 11, 2026",55.8,Rejected
APP02471,JP0094,Amanda Robinson,M,37,Associate,10,Taguig,2026-07-02,66.0,Rejected
APP00250,JP0010,Brandon Bailey MD,M,,Associate,0,Davao City,26-Jan-26,48.8,Rejected
APP01950,JP0075,Julie Johnson,M,24,Bachelors,0,Pasig,05/27/2026,34.8,Applied
APP00941,JP0036,Amanda Harvey,M,33,Master,4,Taguig,2026-03-12,48.4,Screened
APP02274,JP0087,Mrs. Amy Watson,M,39,Bachelor,7,Mandaluyong,"Jun 12, 2026",59.6,Screened
APP00317,JP0013,Shannon Ramsey,Male,35,Bachelor,3,Davao City,03-Feb-26,60.6,Interviewed
APP01455,JP0056,Richard Alvarez,Male,29,Bachelor's Degree,0,Cebu City,"Apr 29, 2026",29.8,Applied
APP02616,JP0099,Andrea Taylor,F,23,Associate Degree,1,Iloilo City,2026-07-17,,Interviewed
APP01707,JP0066,Mrs. Bethany Phillips,M,28,High School Graduate,0,Pasig,05/15/2026,,Rejected
APP01308,JP0051,Michael Martin,Prefer not to say,31,BS,9,Davao City,19-Apr-26,39.2,Applied
APP00980,JP0038,Courtney Chapman,Prefer not to say,29,Bachelors,3,Taguig,2026-03-23,90.9,Interviewed
APP01446,JP0056,Dawn Little,male,40,Master,9,Mandaluyong,2026-04-17,33.0,Rejected
APP00653,JP0026,William David DDS,male,25,BS,0,Cebu City,07-Mar-26,73.6,Screened
APP00929,JP0036,Cody Ramirez,F,34,Associate Degree,6,Pasig,03/07/2026,56.6,Rejected
APP00372,JP0015,Allison Hickman,F,30,Associate,1,Mandaluyong,02/09/2026,54.5,Screened
APP00560,JP0022,Paula Lane,M,33,Bachelor,5,Iloilo City,26-Feb-26,55.4,Applied
APP01037,JP0040,James Washington,F,39,Master,5,Makati,03/26/2026,51.1,Interviewed
APP00829,JP0032,Aaron Schroeder,female,33,B.S.,6,Mandaluyong,"Feb 28, 2026",51.1,Rejected
APP00967,JP0038,Joshua Garcia,Male,37,B.S.,15,Taguig,2026-03-14,,Rejected
APP02153,JP0082,Walter Hansen,Female,28,Bachelor's Degree,3,Mandaluyong,15-Jun-26,53.3,Rejected
APP01675,JP0065,Robert Marquez,M,33,High School Graduate,0,,02-May-26,62.9,Rejected
APP02284,JP0087,Belinda Evans,Female,29,MS,1,Mandaluyong,17-Jun-26,54.5,Applied
APP01924,JP0074,Mr. Jimmy Flores Jr.,Female,21,B.S.,0,Quezon City,"May 18, 2026",40.5,Rejected
APP00819,JP0032,Michael Roberts,Non-binary,39,Bachelor's Degree,9,Iloilo City,2026-03-13,86.9,Offered
APP01417,JP0055,Adam Brooks,Male,37,MS,11,Davao City,04/15/2026,46.1,Applied
APP00773,JP0030,Allen Mendez,male,32,Bachelor's Degree,4,Pasig,2026-03-13,43.0,Rejected
APP01328,JP0051,Diane Mcdowell,male,29,Master,7,Makati,2026-04-09,51.9,Screened
APP01701,JP0066,Michael Stewart,female,21,Bachelor,1,Iloilo City,13-May-26,59.0,Screened
APP02537,JP0097,Corey Caldwell,F,40,High School Graduate,10,Cebu City,2026-07-02,47.1,Screened
APP01047,JP0041,Lindsay Smith,female,45,Master,6,Davao City,2026-03-19,,Screened
APP02051,JP0079,Alejandro Nguyen,Male,37,Bachelors,10,Quezon City,2026-05-25,73.0,Offered
APP01010,JP0039,Dr. Rhonda Martinez,F,20,Associate,0,Mandaluyong,13-Mar-26,40.2,Rejected
APP01396,JP0054,Mark Thomas,male,28,HS Graduate,5,Pasig,16-Apr-26,56.8,Screened
APP01929,JP0074,Keith Meadows,male,36,Vocational,6,Taguig,23-May-26,26.9,Rejected
APP02201,JP0084,John Holt,female,38,Master's Degree,10,Mandaluyong,13-Jun-26,50.2,Rejected
APP02573,JP0098,Linda Bautista,F,41,Bachelors,9,Mandaluyong,2026-07-16,64.1,Screened
APP00127,JP0006,Michelle Evans,Male,35,Bachelors,7,Iloilo City,2026-01-17,,Interviewed
APP00875,JP0034,Dana Ruiz,male,20,BS,0,Mandaluyong,03/18/2026,73.3,Rejected
APP02164,JP0083,Tiffany Nguyen,F,32,Master's Degree,5,Cebu City,2026-06-11,56.0,Screened
APP01352,JP0052,Kelly Mclaughlin,F,30,Associate,3,Makati,2026-04-07,55.6,Screened
APP01006,JP0039,Jennifer Nichols,male,38,Bachelor,6,Mandaluyong,03/20/2026,44.3,Screened
APP00359,JP0014,Jesse Perez,female,,Bachelors,3,Mandaluyong,29-Jan-26,46.6,Applied
APP01004,JP0039,Derrick Brown,Female,27,Bachelor's Degree,4,Quezon City,"Mar 22, 2026",57.2,Rejected
APP01471,JP0057,Kelly Miles,F,41,Bachelor,13,Makati,"May 03, 2026",26.2,Applied
APP00682,JP0027,Dean Donovan,female,36,Bachelor,0,Taguig,02/26/2026,83.0,Interviewed
APP00831,JP0032,Claudia Jordan,male,31,BS,1,Quezon City,2026-03-08,55.4,Rejected
APP01693,JP0065,Gina Wallace,male,22,Master,0,Pasig,05/07/2026,57.0,Screened
APP00975,JP0038,Carla Jones,Female,22,M.S.,3,Quezon City,"Mar 16, 2026",51.0,Applied
APP01234,JP0048,Kristin Andrews,Female,38,Master,8,Pasig,"Apr 05, 2026",46.6,Screened
APP02249,JP0086,Robert Peterson,F,20,Bachelors,0,Quezon City,15-Jun-26,,Applied
APP00152,JP0006,Cheyenne Horton,Male,29,Bachelors,0,Cebu City,2026-01-16,61.3,Screened
APP00200,JP0009,Mark Brown,Male,23,Bachelors,0,Iloilo City,04-Feb-26,51.2,Screened
APP02165,JP0083,Martha Martinez,M,29,High School Graduate,2,Cebu City,14-Jun-26,45.7,Applied
APP01868,JP0073,Nicholas Fitzgerald,Male,20,Bachelor's Degree,1,Pasig,"Jun 03, 2026",72.1,Screened
APP02370,JP0091,Emily Fleming,Female,42,B.S.,12,Mandaluyong,2026-06-30,89.2,Hired
APP01908,JP0074,Brittany Young,M,33,Bachelor's Degree,9,Iloilo City,06/02/2026,50.6,Rejected
APP01626,JP0063,Katherine White,M,20,Bachelors,0,Cebu City,"May 01, 2026",,Rejected
APP00007,JP0001,Ethan Adams,Female,36,Master's Degree,8,Taguig,"Jan 16, 2026",48.0,Rejected
APP00697,JP0027,Stephanie Elliott,Female,25,Bachelors,2,Cebu City,23-Feb-26,30.5,Applied
APP01145,JP0045,Heidi Brown,Male,23,Bachelor's Degree,4,Makati,2026-04-07,46.8,Applied
APP01653,JP0064,Heather Montes,M,29,Bachelor's Degree,0,Makati,"May 13, 2026",,Screened
APP00857,JP0033,Sandra Becker,Male,26,Bachelors,3,Quezon City,2026-03-19,48.8,Applied
APP01648,JP0064,Christopher Rivera,female,21,MS,0,Iloilo City,"May 13, 2026",65.1,Interviewed
APP00026,JP0001,Monica Herrera,F,30,Master,9,Quezon City,2026-01-21,62.3,Screened
APP01976,JP0076,Joseph Mayer,Male,24,MS,1,Quezon City,05/25/2026,64.7,Screened
APP02513,JP0096,Karen Munoz,Female,23,Bachelor's Degree,0,Davao City,"Jun 28, 2026",72.2,Interviewed
APP01901,JP0074,Sarah Wallace,M,23,B.S.,0,Taguig,2026-05-24,51.7,Screened
APP01325,JP0051,Andrew Moreno,Male,33,Bachelor,5,Mandaluyong,"Apr 20, 2026",58.7,Screened
APP00755,JP0029,Dana Hopkins,Female,24,Bachelor's Degree,2,Pasig,03/10/2026,60.4,Applied
APP00622,JP0024,Amy Kelley,male,20,Bachelor,0,Mandaluyong,17-Feb-26,29.2,Rejected
APP01954,JP0075,Breanna Lopez,female,41,HS Graduate,11,Davao City,17-May-26,44.4,Rejected
APP01652,JP0064,Stephanie Herrera,male,34,Associate,5,Mandaluyong,"May 12, 2026",53.9,Screened
APP00146,JP0006,Megan Orr,M,32,Bachelor's Degree,1,Taguig,01/11/2026,73.0,Screened
APP00855,JP0033,Benjamin Reyes,female,20,Bachelor,0,Cebu City,"Mar 11, 2026",88.5,Offered
APP00313,JP0013,Brandy Chavez,female,,Bachelors,11,Taguig,01/29/2026,51.8,Rejected
APP01918,JP0074,Jennifer Cooper,F,36,Associate Degree,6,Quezon City,"Jun 02, 2026",68.1,Interviewed
APP01743,JP0067,Larry Lane,F,,MS,0,Cebu City,"May 03, 2026",61.3,Screened
APP01281,JP0050,Mrs. Michele Boyd,Non-binary,34,Bachelors,0,Cebu City,20-Apr-26,54.2,Screened
APP02577,JP0098,Danielle Mcdaniel,F,26,Senior High,1,Taguig,2026-07-15,51.1,Screened
APP00019,JP0001,Dylan Miller,Female,26,B.S.,0,Pasig,01/07/2026,,Screened
APP00948,JP0037,Ariel Sandoval,Male,37,Senior High,0,Pasig,08-Mar-26,66.9,Interviewed
APP00210,JP0009,Anthony Everett,F,30,BS,9,Taguig,28-Jan-26,51.3,Rejected
APP01838,JP0071,Patricia Schwartz,M,25,BS,5,Makati,17-May-26,51.8,Rejected
APP02119,JP0081,Sandra Hines,F,28,Associate Degree,0,Cebu City,06/06/2026,34.5,Rejected
APP01174,JP0046,Gregory Chambers,Male,,Master's Degree,5,Cebu City,2026-03-28,43.6,Applied
APP01898,JP0073,Greg Tanner,male,20,Bachelor's Degree,0,Makati,25-May-26,97.4,Hired
APP01760,JP0068,Kim James,M,41,Senior High,10,Iloilo City,"May 13, 2026",49.5,Applied
APP00866,JP0033,Austin Baker,Female,33,Bachelor's Degree,7,Pasig,03/18/2026,50.1,Rejected
APP00499,JP0020,William Day,M,44,Associate Degree,6,Davao City,02/25/2026,55.2,Screened
APP01561,JP0060,Deanna Webb,female,29,BS,2,Iloilo City,22-Apr-26,72.8,Hired
APP00592,JP0023,Susan Davis,M,36,Bachelor's Degree,7,Davao City,02/25/2026,37.4,Rejected
APP00175,JP0008,Allen Rosales,M,24,Associate,2,Quezon City,03-Feb-26,37.6,Applied
APP01283,JP0050,Jose Griffin,Male,41,Bachelor's Degree,6,Makati,04/06/2026,79.4,Interviewed
APP00295,JP0012,Lisa Allen,Female,27,Associate,2,Iloilo City,05-Feb-26,36.7,Screened
APP00961,JP0037,Rebecca Kelly,Female,25,BS,5,,03/17/2026,80.3,Screened
APP02505,JP0095,Matthew Jones,male,37,Bachelors,8,Davao City,"Jul 11, 2026",33.5,Rejected
APP02483,JP0095,Darrell Curry,F,26,Master's Degree,6,Mandaluyong,"Jul 04, 2026",93.1,Interviewed
APP02539,JP0097,Robert Skinner,M,28,High School Graduate,6,Davao City,07/12/2026,59.2,Screened
APP01124,JP0044,Misty Garcia,male,,Bachelor's Degree,0,Taguig,03/23/2026,79.5,Screened
APP01783,JP0069,Brent Garcia,M,26,Vocational,4,,05/09/2026,79.6,Interviewed
APP00566,JP0022,Pamela Diaz,Female,20,MS,0,Mandaluyong,25-Feb-26,72.8,Interviewed
APP00174,JP0007,Joshua Perry,Male,24,Associate,3,Cebu City,2026-01-19,72.6,Screened
APP00433,JP0017,Jake Campbell,female,30,Vocational,4,Cebu City,2026-02-17,81.2,Interviewed
APP00914,JP0035,Megan Green,F,27,BS,0,Mandaluyong,03/09/2026,40.4,Applied
APP01847,JP0072,Erika Gonzalez,female,42,B.S.,8,Quezon City,12-May-26,46.4,Rejected
APP00494,JP0019,Judith Carter,male,38,B.S.,7,Mandaluyong,02/16/2026,59.4,Rejected
APP01818,JP0071,Anthony French,F,23,Bachelor,0,Mandaluyong,"May 15, 2026",,Interviewed
APP01985,JP0076,Paul Stephens,Male,31,M.S.,2,Makati,06/04/2026,57.4,Interviewed
APP01862,JP0072,Michael Brown,Female,25,Master,1,Davao City,2026-05-19,,Applied
APP01513,JP0059,Jonathan Walker,male,33,BS,3,Davao City,"Apr 25, 2026",59.4,Screened
APP01461,JP0057,Kristen Jones,male,27,Associate Degree,8,Makati,26-Apr-26,67.6,Screened
APP00557,JP0022,Barbara Hester,male,31,Bachelor,5,,2026-02-17,74.9,Interviewed
APP01189,JP0047,Kimberly Morrison,F,21,Bachelor's Degree,4,Davao City,14-Apr-26,57.4,Rejected
APP00390,JP0016,Thomas Atkins,Prefer not to say,26,Bachelor's Degree,6,Makati,03-Feb-26,73.5,Screened
APP00574,JP0023,Melissa Bishop,M,44,BS,13,Mandaluyong,22-Feb-26,86.3,Interviewed
APP01677,JP0065,Kelly Rowe,Male,36,MS,5,Pasig,10-May-26,100.0,Hired
APP02481,JP0094,Scott Foster,F,20,BS,0,Davao City,"Jul 10, 2026",69.0,Screened
APP01857,JP0072,Brent Rojas,F,38,Associate,6,Cebu City,"May 27, 2026",41.8,Screened
APP02394,JP0092,James Pope,Male,26,Bachelor,2,Makati,06/18/2026,47.9,Applied
APP01630,JP0063,Whitney Gomez,Male,29,Associate Degree,2,Mandaluyong,05/08/2026,34.8,Applied
APP00824,JP0032,Debra Perry,Female,31,B.S.,0,Iloilo City,"Mar 08, 2026",71.0,Interviewed
APP02546,JP0097,Jade Allen,M,25,Master's Degree,3,Taguig,"Jul 09, 2026",48.0,Rejected
APP00999,JP0039,Kristen Randall,M,38,Bachelor's Degree,7,Makati,03/19/2026,58.3,Rejected
APP01268,JP0049,Theresa Torres,Male,21,Bachelors,0,Taguig,10-Apr-26,68.2,Screened
APP01851,JP0072,Michael Williams,M,21,Bachelors,0,,2026-05-24,61.0,Interviewed
APP00670,JP0026,Renee Melendez,Female,27,HS Graduate,4,Makati,27-Feb-26,,Screened
APP02353,JP0090,Amber Stevenson,F,28,Bachelor,0,Quezon City,"Jun 11, 2026",33.5,Applied
APP00142,JP0006,Patricia Rodriguez,F,53,Bachelors,18,Mandaluyong,2026-01-24,47.3,Rejected
APP02315,JP0089,Rachael Alvarez,M,33,Bachelors,0,Pasig,2026-06-24,65.1,Interviewed
APP01040,JP0041,Nicole Barker,Female,22,Bachelors,1,Taguig,2026-03-16,80.4,Screened
APP00431,JP0017,Maria Jones,Male,25,M.S.,7,Taguig,"Feb 02, 2026",68.5,Interviewed
APP01662,JP0064,Sarah Duncan,female,39,Vocational,6,Quezon City,05/09/2026,54.7,Rejected
APP00791,JP0031,Donald Medina,Male,,BS,4,Cebu City,"Mar 17, 2026",50.2,Rejected
APP02114,JP0081,Pamela Sullivan,M,28,BS,0,Quezon City,"May 30, 2026",,Rejected
APP00615,JP0024,Matthew Schwartz,F,23,BS,0,Mandaluyong,2026-02-28,,Rejected
APP01315,JP0051,Melissa Davis,M,28,Bachelors,0,Taguig,2026-04-20,60.3,Rejected
APP00276,JP0012,John Young,M,31,Master's Degree,11,Pasig,01/22/2026,40.2,Rejected
APP00386,JP0016,Craig Morrison,F,31,B.S.,0,Taguig,12-Feb-26,69.3,Rejected
APP00091,JP0004,Lisa Archer,Female,32,Associate,4,Iloilo City,"Jan 08, 2026",55.4,Screened
APP02169,JP0083,Erica Brown,female,40,Bachelors,4,Taguig,2026-06-16,,Screened
APP02625,JP0100,Charles Goodman,male,36,Bachelor's Degree,12,Cebu City,"Jul 11, 2026",99.0,Hired
APP00134,JP0006,Dustin Jordan,male,25,Bachelors,0,Quezon City,01/18/2026,66.2,Screened
APP01786,JP0069,Daniel Campbell,male,30,High School Graduate,4,Quezon City,"May 17, 2026",76.8,Screened
APP02378,JP0091,Joe Greene,F,,B.S.,3,Pasig,06/14/2026,67.2,Screened
APP01883,JP0073,Mark Dalton,Male,22,B.S.,0,Taguig,2026-05-24,48.9,Screened
APP01409,JP0054,Robert Rogers,F,35,Bachelors,5,Cebu City,"Apr 19, 2026",55.6,Applied
APP02163,JP0083,Karen Hart,Female,20,BS,0,Taguig,"Jun 01, 2026",40.3,Rejected
APP02306,JP0088,Jennifer Martinez,M,36,Master,5,Davao City,15-Jun-26,44.5,Screened
APP01215,JP0047,Kelly Johnson,Female,,BS,0,Taguig,31-Mar-26,86.4,Interviewed
APP00714,JP0028,Mary Miller,Female,26,Master,7,Quezon City,25-Feb-26,56.6,Rejected
APP01320,JP0051,Marie Boyd,Female,28,Bachelor,0,Quezon City,04/22/2026,57.5,Interviewed
APP02485,JP0095,James Ferguson,female,22,Associate Degree,0,Taguig,"Jul 04, 2026",48.3,Rejected
APP00266,JP0011,Patrick Thornton,F,32,Bachelors,9,Makati,2026-02-05,40.8,Rejected
APP01996,JP0077,Ryan Alvarez,F,33,B.S.,6,Mandaluyong,05/25/2026,,Rejected
APP02371,JP0091,Jennifer Woodard,male,33,B.S.,4,Davao City,2026-06-27,55.8,Interviewed
APP01362,JP0053,John Oliver,male,39,MS,8,Mandaluyong,2026-04-13,57.3,Screened
APP02312,JP0088,Amanda Hernandez,Male,35,High School Graduate,6,Taguig,06/14/2026,55.7,Rejected
APP00913,JP0035,Christine Parker,F,36,M.S.,8,Iloilo City,19-Mar-26,49.2,Rejected
APP01822,JP0071,Anthony Parker,M,43,MS,5,Pasig,2026-05-26,68.3,Interviewed
APP01322,JP0051,John Hall,Female,29,Bachelor's Degree,5,Quezon City,04/22/2026,45.2,Rejected
APP02278,JP0087,Melissa Barron,Female,39,Bachelor's Degree,9,Pasig,06/10/2026,59.7,Screened
APP02552,JP0097,Carol Jackson,female,20,Bachelor,3,Taguig,2026-06-26,41.5,Screened
APP00586,JP0023,Jeremy Scott,female,24,BS,5,Cebu City,02/21/2026,66.9,Rejected
APP02086,JP0080,Patricia Hamilton,male,47,Bachelor,10,Mandaluyong,"Jun 11, 2026",98.2,Hired
APP01157,JP0045,Mason Moore,Male,22,Master's Degree,0,Makati,03/31/2026,86.0,Screened
APP00365,JP0015,Paul Lewis,female,20,Bachelor's Degree,0,Cebu City,2026-02-03,60.3,Screened
APP00321,JP0013,Linda Smith,male,37,MS,9,Davao City,"Jan 29, 2026",29.1,Applied
APP02037,JP0078,Ashley King,Non-binary,43,Bachelors,8,Iloilo City,2026-05-30,74.2,Interviewed
APP02497,JP0095,Katherine Lopez,F,43,Vocational,10,Quezon City,"Jul 09, 2026",35.6,Applied
APP01616,JP0062,Jason Hayes,male,25,Vocational,1,Pasig,05/09/2026,68.0,Screened
APP01122,JP0044,Susan Conley,Male,28,B.S.,2,Iloilo City,2026-04-01,84.9,Offered
APP01785,JP0069,Margaret Erickson,M,37,MS,9,Mandaluyong,"May 27, 2026",66.3,Screened
APP01453,JP0056,Crystal Hernandez,Male,40,BS,9,Makati,"Apr 27, 2026",79.6,Interviewed
APP01792,JP0069,Steven Carrillo,female,,Bachelor's Degree,5,Pasig,2026-05-18,50.0,Screened
APP00921,JP0035,Keith Graham,male,35,Associate Degree,2,Taguig,03/14/2026,58.8,Rejected
APP00772,JP0030,Tina Hall,Non-binary,,B.S.,7,Cebu City,03/03/2026,59.2,Screened
APP02293,JP0087,Jody Bird,M,41,BS,4,Makati,"Jun 19, 2026",54.8,Rejected
APP00299,JP0013,Jeremy Sampson,male,28,Bachelors,2,Davao City,02/07/2026,49.9,Rejected
APP02232,JP0085,Bonnie Carter,male,26,Bachelor's Degree,2,Taguig,"Jun 07, 2026",56.8,Rejected
APP01346,JP0052,Regina Mitchell,male,25,Bachelors,1,Cebu City,"Apr 06, 2026",73.2,Screened
APP00307,JP0013,Susan Turner,female,21,Vocational,0,Iloilo City,02/07/2026,60.6,Rejected
APP01633,JP0063,Stephen Young,Female,28,High School Graduate,1,,2026-05-04,70.1,Hired
APP01667,JP0064,Eric Rodriguez,M,38,B.S.,8,Pasig,2026-05-07,,Rejected
APP02168,JP0083,Laurie Silva,male,,MS,11,Quezon City,06/18/2026,64.6,Interviewed
APP00018,JP0001,Lisa Hensley,F,24,B.S.,0,Cebu City,01/06/2026,75.1,Interviewed
APP00882,JP0034,Elizabeth Dean,male,40,Bachelor,11,Taguig,03-Mar-26,42.3,Applied
APP00158,JP0007,Darlene Miller,Male,33,Bachelor's Degree,4,Makati,25-Jan-26,66.0,Rejected
APP01696,JP0065,April Randolph,F,20,B.S.,0,Mandaluyong,04/30/2026,84.9,Screened
APP00252,JP0011,Katie Suarez,female,20,Bachelor,0,Davao City,04-Feb-26,63.8,Interviewed
APP02077,JP0080,Jessica Lucas,M,33,Vocational,10,Davao City,"Jun 11, 2026",61.7,Screened
APP00708,JP0027,Maria Brown,Male,28,Bachelor's Degree,3,Taguig,"Mar 06, 2026",80.1,Interviewed
APP00908,JP0035,David Reed,male,24,M.S.,2,Mandaluyong,07-Mar-26,74.5,Hired
APP02412,JP0092,Jason Hardy,female,,M.S.,0,Taguig,"Jun 14, 2026",37.6,Applied
APP00272,JP0011,Denise Davenport,M,30,M.S.,4,Cebu City,"Jan 26, 2026",,Interviewed
APP00843,JP0033,Ashley Edwards,M,44,Associate,10,Cebu City,14-Mar-26,82.3,Interviewed
APP02472,JP0094,Dana Williams,male,21,BS,3,Quezon City,"Jul 01, 2026",90.6,Interviewed
APP00147,JP0006,David Alvarez,Male,30,Bachelor's Degree,3,Quezon City,15-Jan-26,58.1,Rejected
APP01587,JP0061,Emily Grant,Female,37,B.S.,9,Davao City,03-May-26,71.6,Offered
APP00336,JP0013,Connie Brown,Male,35,Bachelor,7,,"Feb 09, 2026",,Screened
APP00658,JP0026,Amy Gordon,M,25,B.S.,5,Makati,21-Feb-26,84.1,Hired
APP02118,JP0081,Emily Coleman,F,31,Bachelor,6,Taguig,05/31/2026,80.0,Screened
APP00023,JP0001,Allison Hill,Male,33,BS,8,Davao City,01/15/2026,95.9,Hired
APP00559,JP0022,Larry Robertson,F,32,BS,2,Cebu City,2026-02-11,68.7,Screened
APP00135,JP0006,Angel Perry,M,30,B.S.,0,Cebu City,"Jan 20, 2026",54.3,Screened
APP00108,JP0005,Julia Torres,Non-binary,28,Bachelor,2,Iloilo City,01/21/2026,,Screened
APP00534,JP0021,Mark Jimenez,male,35,Master,3,Quezon City,02/09/2026,78.3,Interviewed
APP00202,JP0009,Matthew Moore,female,27,MS,1,Pasig,21-Jan-26,47.2,Rejected
APP00727,JP0028,Todd Reynolds,Female,20,Vocational,0,Makati,03/05/2026,57.6,Screened
APP02477,JP0094,Christopher Hall,female,23,Master's Degree,0,Pasig,24-Jun-26,49.2,Screened
APP02368,JP0091,Krystal Jones,M,31,Master's Degree,2,Mandaluyong,"Jun 25, 2026",50.5,Applied
APP01412,JP0055,Dennis Henderson,F,26,Bachelor's Degree,4,Makati,12-Apr-26,,Applied
APP00315,JP0013,Patrick Moore,Female,23,Bachelor's Degree,0,Makati,01/29/2026,55.2,Applied
APP02056,JP0079,Ryan Cobb PhD,Female,30,Bachelor's Degree,3,Davao City,06/12/2026,63.7,Screened
APP01318,JP0051,Matthew Watts,F,36,B.S.,7,Mandaluyong,2026-04-10,57.4,Rejected
APP02138,JP0082,Anthony Cook,Female,29,BS,2,Pasig,06/02/2026,52.1,Rejected
APP01451,JP0056,Richard Smith,M,30,Master's Degree,0,Quezon City,20-Apr-26,27.2,Applied
APP01920,JP0074,Kim Carter,female,,Bachelor,1,Davao City,2026-05-20,,Interviewed
APP02401,JP0092,Aaron Lee,F,20,Bachelor,3,Mandaluyong,"Jun 15, 2026",77.5,Screened
APP00729,JP0028,Jennifer Jones,male,35,BS,1,Davao City,07-Mar-26,88.7,Offered
APP00867,JP0033,Brandi Haney,female,25,Bachelor's Degree,5,Iloilo City,16-Mar-26,,Interviewed
APP00195,JP0008,Angelica Keith,male,43,Associate,9,Cebu City,03-Feb-26,53.5,Applied
APP01484,JP0057,Beth Hall,male,28,Bachelor's Degree,1,Makati,2026-04-25,80.7,Interviewed
APP00587,JP0023,Nancy Brown,M,41,Vocational,8,Mandaluyong,15-Feb-26,83.5,Hired
APP00945,JP0037,Kendra Wang DVM,Female,,Bachelor,7,Iloilo City,2026-03-24,71.9,Interviewed
APP00522,JP0020,Zachary Mitchell,female,34,M.S.,11,Davao City,02/24/2026,56.6,Screened
APP01621,JP0063,Jesse Riley,Female,20,Bachelor's Degree,0,Mandaluyong,2026-05-11,56.2,Screened
APP02029,JP0078,Russell Bailey,Female,40,Bachelor's Degree,8,Mandaluyong,06/08/2026,44.6,Applied
APP02040,JP0078,Dennis Cooper PhD,M,32,Senior High,3,Davao City,23-May-26,62.5,Screened
APP00651,JP0025,Kim Morrow,female,29,B.S.,2,Iloilo City,02/16/2026,48.3,Applied
APP00030,JP0001,Daniel Wagner,M,30,Associate Degree,4,Pasig,2026-01-14,83.5,Screened
APP02004,JP0077,Garrett Wilson,female,32,Associate,5,Iloilo City,01-Jun-26,50.0,Screened
APP01751,JP0068,Casey Campbell,female,20,B.S.,0,Cebu City,"May 18, 2026",56.9,Interviewed
APP00473,JP0019,William Jones,Male,27,Master,0,Davao City,02/16/2026,74.2,Screened
APP01359,JP0052,Aaron Moore,Prefer not to say,,Bachelor's Degree,2,Mandaluyong,2026-04-10,63.6,Rejected
APP00003,JP0001,Connie Lawrence,female,33,B.S.,2,Quezon City,2026-01-17,75.8,Screened
APP01258,JP0049,Kristen Peters,Non-binary,35,Master's Degree,1,Pasig,04/13/2026,80.1,Interviewed
APP00916,JP0035,Samantha Terry,male,20,Bachelor's Degree,0,Davao City,"Mar 03, 2026",52.7,Rejected
APP00572,JP0022,Julie Herrera,M,29,MS,9,Makati,2026-03-03,95.7,Offered
APP00237,JP0010,Michael Bradshaw,F,29,MS,4,Davao City,28-Jan-26,85.2,Interviewed
APP01061,JP0041,Ralph Yoder,Male,33,BS,5,Taguig,2026-03-16,34.8,Applied
APP00531,JP0021,Kenneth Edwards,male,,HS Graduate,7,Pasig,2026-02-25,36.6,Rejected
APP00232,JP0010,Kevin Walters,Female,41,High School Graduate,7,Pasig,"Jan 25, 2026",68.3,Rejected
APP00897,JP0034,Kevin Snyder,female,35,Bachelors,10,Makati,2026-03-09,28.3,Applied
APP01990,JP0076,Gloria Mckinney,female,32,BS,2,Mandaluyong,31-May-26,33.9,Applied
APP01149,JP0045,Ashley Malone,Female,30,Bachelors,1,Makati,11-Apr-26,35.7,Applied
APP00814,JP0032,Jose Ramirez,Female,35,B.S.,10,Iloilo City,26-Feb-26,65.5,Interviewed
APP02194,JP0084,Shelby Rodriguez,male,41,High School Graduate,5,,11-Jun-26,53.8,Applied
APP02234,JP0085,Jennifer Stewart,male,25,Bachelor's Degree,0,Davao City,"Jun 12, 2026",56.5,Screened
APP01917,JP0074,Shaun Meyer DDS,F,22,Bachelor's Degree,0,Makati,18-May-26,70.3,Screened
APP02026,JP0078,Brent Reed,Female,26,Bachelor's Degree,1,Cebu City,2026-05-29,23.1,Rejected
APP00863,JP0033,Virginia Henderson,F,33,BS,7,Quezon City,"Mar 14, 2026",85.4,Hired
APP01373,JP0053,William Prince PhD,Male,28,Bachelors,0,,"Apr 25, 2026",54.3,Screened
APP02247,JP0086,Barbara Walker,Prefer not to say,26,Associate,2,Quezon City,06/17/2026,,Screened
APP02008,JP0077,Amy Hester,Male,32,M.S.,2,Mandaluyong,2026-06-04,29.2,Rejected
APP01522,JP0059,Dylan Foster,Male,38,B.S.,2,Pasig,2026-04-26,51.8,Rejected
APP01604,JP0062,Kevin Marquez,male,27,M.S.,3,,2026-04-23,73.1,Screened
APP02456,JP0094,Tammy Garcia,Female,26,Bachelors,0,Davao City,22-Jun-26,50.4,Rejected
APP00297,JP0012,Wayne Morgan,Female,20,Bachelors,0,Makati,"Jan 23, 2026",72.4,Interviewed
APP00669,JP0026,Emma Butler,Male,24,BS,0,Quezon City,23-Feb-26,71.4,Screened
APP02429,JP0093,Jonathon Conley,M,31,Master,0,Iloilo City,"Jun 17, 2026",65.9,Screened
APP02243,JP0086,Susan Moore,Female,36,Associate,4,Makati,06/10/2026,52.4,Rejected
APP02512,JP0096,Laurie Shaw,Male,38,Bachelor's Degree,4,Iloilo City,2026-07-10,83.8,Interviewed
APP01752,JP0068,Haley May,male,38,BS,5,Quezon City,09-May-26,53.3,Rejected
APP02072,JP0080,Brian Lee,F,31,B.S.,7,Iloilo City,"Jun 03, 2026",70.4,Screened
APP00309,JP0013,Richard Smith,F,,BS,6,Iloilo City,02/09/2026,67.1,Rejected
APP01468,JP0057,Corey Norris,M,22,Associate,0,Davao City,29-Apr-26,94.8,Interviewed
APP01762,JP0068,Timothy Moore,F,32,Associate,8,Cebu City,05/18/2026,68.6,Screened
APP01358,JP0052,Kyle Black,M,20,Bachelor's Degree,0,Quezon City,12-Apr-26,69.8,Screened
APP01334,JP0051,Matthew Baker,F,21,Associate Degree,0,Pasig,04/20/2026,89.6,Offered
APP00704,JP0027,Pamela Gutierrez,F,32,Bachelors,4,Mandaluyong,24-Feb-26,71.5,Interviewed
APP01538,JP0059,Tammy Melton,M,38,BS,7,Taguig,21-Apr-26,42.6,Rejected
APP00617,JP0024,Franklin Wright,male,34,Master's Degree,8,Pasig,03/02/2026,57.4,Rejected
APP00435,JP0017,Felicia Aguilar,F,20,Bachelors,0,Pasig,08-Feb-26,59.9,Rejected
APP01577,JP0061,Timothy Shannon,M,27,Bachelor's Degree,0,Iloilo City,"May 10, 2026",71.4,Interviewed
APP00590,JP0023,Tanya Russell,female,25,Senior High,3,Makati,"Feb 12, 2026",,Applied
APP02626,JP0100,Kara Rogers,Male,37,Bachelors,9,Taguig,2026-06-30,61.8,Rejected
APP01394,JP0054,Jennifer Vaughn,Male,35,Bachelor's Degree,7,Pasig,04/09/2026,73.4,Interviewed
APP02373,JP0091,Sergio Carroll,Male,36,Bachelor's Degree,9,Cebu City,2026-06-12,47.2,Rejected
APP00611,JP0024,Kaitlin Medina,Female,21,HS Graduate,5,Davao City,"Feb 27, 2026",41.2,Applied
APP02613,JP0099,Eric Ponce,Male,29,B.S.,2,Quezon City,2026-07-04,30.2,Applied
APP01498,JP0058,Mario White,F,39,Bachelors,10,Taguig,29-Apr-26,91.7,Interviewed
APP02327,JP0089,Allison Kim,female,29,Bachelor,1,Davao City,2026-06-25,24.2,Rejected
APP00235,JP0010,Michael Warner,Male,34,MS,4,Pasig,31-Jan-26,100.0,Hired
APP02444,JP0093,Mary Pugh,F,,Bachelor,0,Quezon City,2026-06-30,37.3,Applied
APP01165,JP0046,Patricia Hayes,male,26,Master,4,Cebu City,11-Apr-26,60.8,Screened
APP00123,JP0005,Evelyn Galvan,male,34,Bachelor,5,Pasig,2026-01-29,65.0,Screened
APP01931,JP0074,Cody Hart,M,22,M.S.,0,Pasig,05/18/2026,,Applied
APP00063,JP0003,Tracy House,male,,High School Graduate,12,Makati,19-Jan-26,56.3,Rejected
APP01432,JP0055,Alyssa Alvarado,male,38,BS,6,Quezon City,"Apr 23, 2026",64.1,Screened
APP02419,JP0092,Felicia Wright,F,35,Associate,9,Makati,2026-07-03,58.9,Screened
APP00012,JP0001,Matthew Foster,female,22,Bachelor's Degree,0,Taguig,2026-01-16,,Applied
APP01221,JP0048,Jessica Smith,Female,21,M.S.,1,Quezon City,01-Apr-26,49.9,Applied
APP02198,JP0084,Vincent Savage,female,27,Bachelor's Degree,2,Iloilo City,"Jun 19, 2026",56.3,Rejected
APP00125,JP0006,Amber Wright,F,43,Vocational,12,Taguig,28-Jan-26,53.3,Applied
APP00537,JP0021,Morgan Valencia,Prefer not to say,35,M.S.,2,Cebu City,02/16/2026,51.9,Rejected
APP00793,JP0031,Daniel Brown,M,,BS,10,Mandaluyong,03/14/2026,,Rejected
APP01968,JP0076,Lori Alvarez,M,45,Master,14,Taguig,2026-05-19,87.7,Offered
APP01496,JP0058,James Morgan,M,32,Bachelors,11,Makati,04/26/2026,67.9,Interviewed
APP00096,JP0004,Daniel Baker,Female,20,Bachelor's Degree,0,Quezon City,2026-01-14,64.7,Rejected
APP01248,JP0049,Julia Dunn MD,female,34,Master,7,Makati,04/16/2026,50.6,Rejected
APP02203,JP0084,James Miller,male,20,Bachelors,0,Taguig,06/04/2026,53.4,Rejected
APP02635,JP0100,Kevin Huerta,F,26,M.S.,3,Mandaluyong,2026-07-04,58.0,Rejected
APP02049,JP0079,Michael Rogers,Male,35,B.S.,6,Davao City,30-May-26,70.2,Screened
APP02076,JP0080,Christopher Taylor,female,30,B.S.,3,Makati,2026-06-06,64.6,Screened
APP00478,JP0019,Jasmine Beltran,female,21,Senior High,0,Pasig,"Feb 16, 2026",45.0,Rejected
APP01661,JP0064,Richard Gutierrez,Male,22,Bachelor,0,Cebu City,"May 13, 2026",55.6,Screened
APP02374,JP0091,Ronnie Powers,F,40,M.S.,11,Cebu City,19-Jun-26,58.7,Interviewed
APP02543,JP0097,Michael Robinson,Male,24,BS,1,Quezon City,"Jul 05, 2026",39.4,Interviewed
APP00736,JP0029,Mr. David Wright,Male,20,Bachelor,0,Davao City,05-Mar-26,66.8,Screened
APP02017,JP0077,Annette Lewis,M,34,Bachelor,3,Pasig,09-Jun-26,58.4,Screened
APP02321,JP0089,Danielle Thornton,male,37,Bachelor's Degree,7,Iloilo City,2026-06-17,42.5,Rejected
APP02636,JP0100,Dr. April Jones,Female,38,B.S.,11,Iloilo City,"Jul 13, 2026",83.2,Offered
APP01967,JP0076,Samantha Cohen,Male,28,BS,3,Iloilo City,"May 26, 2026",54.4,Screened
APP01779,JP0069,Brett Pena,Female,29,HS Graduate,3,Iloilo City,"May 27, 2026",100.0,Hired
APP00385,JP0015,Bryan Gomez,M,33,M.S.,4,Davao City,02/08/2026,67.3,Offered
APP00758,JP0029,Leslie Gardner,F,28,Associate,4,Taguig,27-Feb-26,46.8,Rejected
APP01997,JP0077,Brian Kim DDS,male,37,Master's Degree,7,Makati,05/22/2026,37.0,Applied
APP01657,JP0064,Curtis Campbell,Female,30,Bachelors,4,Cebu City,2026-05-04,80.2,Offered
APP01025,JP0040,Lee Steele,male,22,Bachelor's Degree,5,Iloilo City,19-Mar-26,64.4,Rejected
APP01032,JP0040,Douglas Vasquez,Female,28,B.S.,2,Makati,2026-04-01,48.1,Screened
APP00886,JP0034,Laura Jones,female,33,Master's Degree,10,Mandaluyong,08-Mar-26,79.8,Screened
APP01339,JP0052,Vincent Smith,Male,23,MS,2,Davao City,2026-04-22,84.8,Offered
APP02206,JP0084,Carl Leach,F,36,B.S.,9,Taguig,2026-05-31,70.7,Interviewed
APP01874,JP0073,Kimberly Norton,M,22,Senior High,1,Mandaluyong,2026-06-01,,Screened
APP00673,JP0026,Tracy Grant,male,31,B.S.,7,Quezon City,03/06/2026,,Rejected
APP00384,JP0015,Tracy Burke,Male,32,High School Graduate,7,Cebu City,02/10/2026,65.0,Screened
APP02346,JP0090,Jason Nguyen,Female,29,M.S.,6,,"Jun 24, 2026",68.5,Interviewed
APP01228,JP0048,Richard Turner,Male,32,B.S.,9,Pasig,03-Apr-26,,Applied
APP00086,JP0004,Megan Young,male,31,B.S.,4,Makati,01/19/2026,74.2,Interviewed
APP00014,JP0001,Stephanie Ross,male,28,B.S.,1,Cebu City,"Jan 24, 2026",38.5,Applied
APP00495,JP0019,Evelyn Williams,Male,25,Bachelor's Degree,1,Pasig,08-Feb-26,49.0,Interviewed
APP00521,JP0020,Joseph Shaw,Male,31,Bachelor,2,Makati,"Feb 24, 2026",,Applied
APP00728,JP0028,Rebecca Marquez,Female,33,Associate Degree,6,Davao City,2026-02-21,,Screened
APP00066,JP0003,Michael Lewis,Non-binary,27,Associate Degree,3,Iloilo City,2026-01-12,72.6,Hired
APP00644,JP0025,Maria Fisher,male,22,Bachelor's Degree,0,Pasig,25-Feb-26,67.2,Rejected
APP00302,JP0013,Megan Le,female,32,Bachelor's Degree,3,Cebu City,2026-01-25,72.0,Interviewed
APP00730,JP0028,Kathryn Mccann,female,24,BS,0,Mandaluyong,"Mar 05, 2026",64.5,Screened
APP02334,JP0089,Robert Burns,M,31,Bachelor's Degree,3,Makati,24-Jun-26,81.7,Hired
APP01299,JP0050,Renee Mendez,Female,,MS,5,Davao City,2026-04-18,80.7,Screened
APP02332,JP0089,Scott Stewart,M,24,Bachelor's Degree,0,Mandaluyong,06/30/2026,22.1,Applied
APP00608,JP0024,Shelley Miller,Female,29,Vocational,9,Cebu City,02/28/2026,,Applied
APP00015,JP0001,Gina Moore,Female,34,Bachelors,7,Davao City,01/22/2026,72.0,Screened
APP01302,JP0050,Daniel Freeman,female,,BS,10,Quezon City,2026-04-20,70.4,Screened
APP00809,JP0031,Rodney Williams,female,24,Bachelors,1,Pasig,"Mar 14, 2026",43.8,Screened
APP01054,JP0041,Megan Adams,M,29,Master's Degree,5,Quezon City,"Apr 03, 2026",60.2,Interviewed
APP00341,JP0014,Daniel Kane,M,36,Bachelors,3,Davao City,2026-01-30,80.9,Hired
APP01600,JP0062,Jennifer Moss,female,42,B.S.,12,Quezon City,"Apr 29, 2026",72.8,Hired
APP00045,JP0002,Shane Henderson,F,31,Bachelor,4,Quezon City,2026-01-15,47.0,Rejected
APP02294,JP0087,Hayley Mitchell,M,20,BS,0,,26-Jun-26,41.8,Rejected
APP00103,JP0005,Sharon Cherry,male,25,Master,0,Iloilo City,2026-01-30,72.8,Screened
APP00337,JP0014,Theodore Jones Jr.,M,,Bachelors,0,Mandaluyong,13-Feb-26,63.7,Rejected
APP01080,JP0042,Terry Jones,Female,37,Bachelor's Degree,5,Pasig,30-Mar-26,61.9,Screened
APP00228,JP0010,Sara Johnston,F,,High School Graduate,12,Taguig,"Jan 25, 2026",77.3,Rejected
APP00209,JP0009,Katherine Salas,F,41,Bachelor's Degree,7,Pasig,2026-01-16,65.4,Screened
APP01148,JP0045,Michael Cruz,M,28,MS,0,Pasig,"Apr 06, 2026",85.3,Interviewed
APP02299,JP0088,Mr. Jeremiah Galvan MD,Male,40,MS,9,Taguig,21-Jun-26,,Screened
APP02007,JP0077,Bryan King,Female,40,B.S.,15,Taguig,2026-05-25,83.0,Offered
APP00807,JP0031,Katherine Taylor,F,45,Bachelors,6,Taguig,2026-03-05,,Interviewed
APP01107,JP0043,Rodney Evans,female,24,M.S.,0,Mandaluyong,03/24/2026,69.3,Interviewed
APP01843,JP0071,Ryan Salazar,M,21,Bachelors,0,Davao City,07-May-26,64.4,Applied
APP01761,JP0068,Lori Mitchell,Non-binary,20,Bachelors,3,Cebu City,2026-05-14,77.4,Offered
APP01108,JP0043,Darryl Acosta,M,26,Bachelor's Degree,1,Cebu City,03/30/2026,52.8,Screened
APP02446,JP0093,Gina Spencer,M,24,BS,3,Quezon City,06/28/2026,50.4,Rejected
APP02362,JP0091,John Valenzuela,female,42,BS,7,Makati,"Jul 02, 2026",58.0,Interviewed
APP00338,JP0014,Theresa Williams,Non-binary,35,B.S.,5,Quezon City,2026-02-12,62.0,Interviewed
APP00512,JP0020,Sarah King,F,22,BS,3,Quezon City,22-Feb-26,,Applied
APP00234,JP0010,Christopher Parker,Female,,Bachelors,0,Pasig,"Feb 07, 2026",,Screened
APP00646,JP0025,Edwin Nunez,female,31,Bachelor,1,Davao City,"Feb 22, 2026",52.6,Screened
APP01523,JP0059,Eric Huerta,male,24,Master,2,Davao City,04/21/2026,48.8,Rejected
APP02305,JP0088,Dr. Charles Lawrence,male,31,HS Graduate,12,Makati,2026-06-26,43.1,Rejected
APP01411,JP0055,Theresa Woods,female,20,M.S.,0,Davao City,2026-04-28,54.3,Rejected
APP00533,JP0021,Dr. Michael Evans,F,34,MS,6,Iloilo City,"Feb 21, 2026",78.4,Screened
APP02112,JP0081,Melissa Sparks,male,39,MS,12,Pasig,2026-06-15,43.7,Rejected
APP02310,JP0088,Steven Small,female,22,BS,0,Iloilo City,"Jun 21, 2026",36.6,Applied
APP00614,JP0024,Keith Rodriguez,F,20,Master's Degree,0,Taguig,"Feb 22, 2026",83.1,Interviewed
APP01493,JP0058,Deborah Williams,F,22,BS,3,Iloilo City,2026-04-26,100.0,Hired
APP02089,JP0080,Dawn Burke,F,20,BS,0,Iloilo City,"May 29, 2026",74.4,Screened
APP01805,JP0070,Lydia Howard,male,26,BS,6,Pasig,2026-05-10,53.1,Rejected
APP01427,JP0055,Robert Charles,Male,30,Associate Degree,7,,04/22/2026,40.2,Screened
APP01082,JP0042,Catherine Frazier,M,24,Bachelor,2,Cebu City,"Mar 31, 2026",63.9,Screened
APP02182,JP0083,Morgan Bernard,Male,26,HS Graduate,3,Quezon City,01-Jun-26,56.1,Screened
APP00055,JP0003,Victoria Garcia,female,30,HS Graduate,0,Mandaluyong,"Jan 20, 2026",,Interviewed
APP00675,JP0026,Kristin Mendoza,F,38,Vocational,6,Makati,"Mar 01, 2026",,Applied
APP00093,JP0004,Denise Jacobs,Male,30,Associate,3,Pasig,19-Jan-26,46.4,Rejected
APP00668,JP0026,David Harris,Male,31,M.S.,5,Cebu City,"Feb 28, 2026",66.5,Screened
APP01953,JP0075,Anita Luna,Female,20,Master's Degree,0,Taguig,05/29/2026,64.1,Rejected
APP01870,JP0073,Steven Cook,Male,29,BS,2,Makati,2026-05-29,57.7,Rejected
APP02400,JP0092,Peter Stephenson,Female,34,Master's Degree,4,Pasig,2026-06-26,88.1,Screened
APP00290,JP0012,Amanda Jones,Female,34,Bachelors,2,Cebu City,02/10/2026,,Screened
APP01718,JP0066,Jessica Haas,female,25,HS Graduate,1,Quezon City,01-May-26,38.0,Applied
APP01948,JP0075,Sean Hatfield,female,31,Master,5,Iloilo City,"May 27, 2026",43.7,Screened
APP00380,JP0015,Ronald Davis,F,33,BS,7,Quezon City,05-Feb-26,,Hired
APP01983,JP0076,Lisa Guerra,M,40,Associate,7,Pasig,"Jun 08, 2026",45.8,Rejected
APP01536,JP0059,Jerry Johnson,Male,21,BS,6,Taguig,2026-04-27,32.3,Rejected
APP01958,JP0075,James Randall,male,28,B.S.,3,Davao City,2026-06-04,100.0,Hired
APP01388,JP0054,Tracey Gonzalez,male,33,Vocational,2,Makati,"Apr 07, 2026",,Screened
APP02031,JP0078,Michael Keller,male,33,Bachelor's Degree,2,Davao City,"May 26, 2026",58.7,Applied
APP00871,JP0033,Joseph Smith,Male,36,Associate,4,Pasig,03/16/2026,74.2,Interviewed
APP01191,JP0047,Justin Anderson,Male,29,BS,4,Pasig,"Apr 15, 2026",52.1,Screened
APP02359,JP0090,Paul Willis,M,31,Bachelor's Degree,2,Cebu City,19-Jun-26,51.2,Screened
APP00753,JP0029,Mary Kelly,female,33,M.S.,10,Quezon City,2026-02-25,33.0,Rejected
APP00116,JP0005,Richard Rodriguez,Male,33,HS Graduate,4,Cebu City,"Jan 19, 2026",,Rejected
APP02620,JP0100,Stacy Taylor,M,43,Bachelors,6,Cebu City,16-Jul-26,51.3,Applied
APP01788,JP0069,Raymond Curry,M,20,B.S.,0,Davao City,"May 11, 2026",93.1,Hired
APP00051,JP0002,Sherry Decker,F,20,Bachelor's Degree,1,Mandaluyong,01/21/2026,54.1,Rejected
APP01774,JP0068,Michael Nixon,F,36,Master,12,Taguig,05/17/2026,48.5,Rejected
APP00141,JP0006,Erin Edwards,M,,BS,11,Pasig,2026-01-22,,Hired
APP00220,JP0009,Erin Warner,M,33,B.S.,1,,"Jan 20, 2026",81.4,Screened
APP01486,JP0057,Aaron Little,Female,22,Bachelor's Degree,0,Pasig,05/01/2026,66.6,Rejected
APP00038,JP0002,Crystal Robinson,male,25,BS,0,Davao City,"Jan 06, 2026",33.7,Rejected
APP01798,JP0070,Benjamin Duncan,M,33,Associate Degree,6,Cebu City,09-May-26,83.1,Hired
APP00549,JP0022,Cindy Gomez,M,,Bachelor's Degree,10,Mandaluyong,"Feb 12, 2026",100.0,Hired
APP00073,JP0003,James Brown,M,37,MS,5,Taguig,"Jan 22, 2026",50.4,Applied
APP01978,JP0076,Rachel Jones,Male,27,Bachelors,0,Quezon City,2026-06-01,42.3,Rejected
APP01881,JP0073,Abigail Baird,Female,24,Master,0,Davao City,01-Jun-26,69.7,Interviewed
APP02152,JP0082,Caroline Morales,Non-binary,,Master's Degree,3,Cebu City,03-Jun-26,87.8,Interviewed
APP02350,JP0090,Anthony Price,Male,26,Bachelors,6,Mandaluyong,23-Jun-26,74.6,Interviewed
APP02108,JP0081,Michael Serrano,F,38,Master,10,Iloilo City,"Jun 08, 2026",51.3,Rejected
APP01425,JP0055,Regina Ramos,male,25,B.S.,1,Taguig,26-Apr-26,56.3,Screened
APP00197,JP0008,Ashley Barton,Female,33,BS,1,Quezon City,02-Feb-26,75.4,Screened
APP00128,JP0006,Courtney Gonzalez,F,33,Bachelors,0,Taguig,2026-01-21,,Screened
APP00877,JP0034,Christie Mccullough,Female,27,BS,8,Makati,2026-03-09,,Rejected
APP00792,JP0031,Tracey Wagner,Female,42,B.S.,13,Iloilo City,03/09/2026,66.6,Interviewed
APP00151,JP0006,Mary Marshall,Female,33,Bachelor's Degree,5,Iloilo City,01/23/2026,57.3,Interviewed
APP00080,JP0004,Kelly Donovan,M,31,BS,12,Makati,2026-01-25,64.0,Screened
APP01576,JP0061,Alexis Nelson,Male,30,Bachelor's Degree,7,Cebu City,2026-04-26,65.6,Screened
APP02304,JP0088,Angela Brown,M,30,Bachelor,2,Davao City,08-Jun-26,94.3,Hired
APP00747,JP0029,Heather Woodard,Male,20,Associate Degree,0,Iloilo City,03-Mar-26,51.0,Rejected
APP00536,JP0021,Sean Moore,M,32,Bachelor's Degree,3,Davao City,03/01/2026,43.5,Rejected
APP01017,JP0040,Lisa Mills,F,20,Bachelor,1,Iloilo City,27-Mar-26,68.8,Interviewed
APP02003,JP0077,Hannah Martin,M,27,BS,1,Mandaluyong,2026-06-03,73.2,Interviewed
APP00969,JP0038,Sean Curtis,Male,30,Bachelor's Degree,0,Pasig,16-Mar-26,49.5,Screened
APP02361,JP0091,Alejandro Campbell,Male,25,Vocational,0,Quezon City,06/30/2026,64.1,Rejected
APP00170,JP0007,John Anderson,Female,31,MS,3,Makati,14-Jan-26,53.9,Rejected
APP00233,JP0010,Jose Travis,Non-binary,,Bachelors,5,Taguig,"Feb 03, 2026",34.6,Rejected
APP01329,JP0051,Mary Adkins,Prefer not to say,25,Bachelors,0,Davao City,"Apr 15, 2026",29.7,Rejected
APP00452,JP0018,Brenda Wright,female,23,BS,1,Taguig,2026-02-08,83.2,Screened
APP02002,JP0077,Michele Hawkins,Prefer not to say,24,Vocational,5,Pasig,06/02/2026,53.4,Rejected
APP00848,JP0033,Steven Blevins,F,38,Bachelor's Degree,7,Taguig,"Mar 11, 2026",60.7,Screened
APP01345,JP0052,Kevin Johnson,female,40,BS,8,Mandaluyong,04/11/2026,28.9,Applied
APP02091,JP0080,Ronald Marshall,Female,30,BS,6,Mandaluyong,"Jun 05, 2026",58.6,Screened
APP01871,JP0073,Garrett Riley,M,38,B.S.,9,Cebu City,2026-05-27,85.7,Interviewed
APP00090,JP0004,Deborah Figueroa,female,27,Bachelors,5,Cebu City,2026-01-15,16.9,Applied
APP02038,JP0078,Marco Davis,Male,20,M.S.,0,Pasig,"May 23, 2026",76.3,Screened
APP00808,JP0031,Ronald Potter,Female,27,Associate Degree,1,Makati,2026-03-17,31.3,Rejected
APP00754,JP0029,Arthur Hamilton MD,Male,33,Bachelors,2,Cebu City,2026-03-10,72.4,Offered
APP02583,JP0098,Brenda Harris,female,24,Master's Degree,4,Quezon City,"Jul 11, 2026",46.1,Rejected
APP01734,JP0067,Karen Lopez,Prefer not to say,,Bachelors,4,Mandaluyong,"May 07, 2026",78.7,Interviewed
APP02170,JP0083,Tammy Williams MD,Male,34,Bachelor,12,Makati,2026-06-15,78.8,Interviewed
APP00099,JP0005,Rebecca Valencia,Male,22,High School Graduate,0,Taguig,29-Jan-26,92.8,Screened
APP00434,JP0017,Ashley Wise,male,36,Associate Degree,3,Taguig,18-Feb-26,30.0,Rejected
APP00088,JP0004,Amy Silva,Prefer not to say,40,B.S.,7,Iloilo City,15-Jan-26,86.2,Hired
APP00579,JP0023,Raymond Le,Male,37,Bachelor,11,Taguig,2026-02-24,75.7,Interviewed
APP01930,JP0074,Michael Dennis,M,44,MS,8,Taguig,2026-05-23,8.3,Rejected
APP02607,JP0099,Nancy Allen,male,34,Bachelors,6,Mandaluyong,2026-07-12,55.4,Screened
APP02094,JP0081,Anthony May,Male,45,Master,12,Cebu City,28-May-26,52.2,Screened
APP01240,JP0048,Maria Case,male,33,Master,3,Davao City,10-Apr-26,48.6,Rejected
APP00906,JP0035,Bryan Moore,F,43,Master,7,Davao City,06-Mar-26,46.9,Rejected
APP01324,JP0051,Jacob Hill,Male,36,MS,8,Mandaluyong,02-Apr-26,40.8,Rejected
APP02450,JP0094,Bradley Wallace,M,34,Master's Degree,9,Quezon City,2026-07-08,58.9,Rejected
APP02617,JP0100,Mary Alvarez,F,32,B.S.,8,Mandaluyong,07/10/2026,43.4,Applied
APP02623,JP0100,Robin Smith,M,30,Bachelor,4,Mandaluyong,07/05/2026,36.3,Applied
APP01846,JP0072,Randy Hopkins,M,29,Master's Degree,9,Quezon City,2026-05-14,67.3,Interviewed
APP00784,JP0030,Jennifer Goodwin,male,24,Bachelor's Degree,0,Davao City,2026-02-25,89.5,Hired
APP02424,JP0093,Grant Wood,Female,33,B.S.,2,Pasig,"Jun 23, 2026",,Screened
APP00985,JP0038,Karen Johnson,F,29,Vocational,3,Cebu City,2026-03-11,31.5,Rejected
APP00401,JP0016,Sandra Drake,M,20,B.S.,2,Makati,"Jan 30, 2026",84.4,Screened
APP00251,JP0010,Kathryn Snyder,female,34,Bachelor's Degree,0,Mandaluyong,2026-02-06,59.2,Interviewed
APP02298,JP0088,William Turner,male,27,BS,3,Cebu City,"Jun 20, 2026",47.2,Rejected
APP01964,JP0076,Stacy Harper,M,25,BS,5,Pasig,05/20/2026,,Applied
APP00254,JP0011,Colin Terry,M,38,M.S.,11,Davao City,02/10/2026,56.9,Screened
APP01313,JP0051,Dawn Parker,Male,29,Bachelors,0,,19-Apr-26,40.2,Applied
APP01903,JP0074,Erin Watkins,M,37,Associate,4,Pasig,05/31/2026,66.7,Screened
APP00763,JP0030,Jesse Clark,Female,36,BS,11,Mandaluyong,03/16/2026,64.3,Screened
APP00102,JP0005,Ashley Waller,M,20,B.S.,0,Quezon City,17-Jan-26,41.4,Rejected
APP00424,JP0017,Christopher Guerra,Female,20,MS,0,Taguig,02/06/2026,29.8,Applied
APP00663,JP0026,Timothy Hayden,female,24,MS,1,Quezon City,"Feb 21, 2026",41.4,Applied
APP00246,JP0010,Kimberly Gutierrez,M,29,Associate Degree,9,Pasig,01/23/2026,33.8,Applied
APP02239,JP0086,Angela Edwards,Male,27,Associate Degree,2,,06/06/2026,37.5,Rejected
APP01574,JP0061,Bailey Stewart,F,29,Vocational,9,Mandaluyong,03-May-26,79.3,Offered
APP02583,JP0098,Brenda Harris,female,24,Master's Degree,4,Quezon City,"Jul 11, 2026",46.1,Rejected
APP00087,JP0004,John Whitehead,Female,37,BS,12,,01/25/2026,42.5,Rejected
APP02117,JP0081,Tracey Suarez,M,29,B.S.,9,Makati,"Jun 11, 2026",86.5,Interviewed
APP00044,JP0002,Nathan Maldonado,F,32,BS,3,Makati,01/13/2026,68.5,Offered
APP02326,JP0089,Mary Ortiz,male,27,B.S.,0,Cebu City,19-Jun-26,,Screened
APP02281,JP0087,Patrick Blankenship,Male,36,Bachelor's Degree,8,Quezon City,06/25/2026,68.9,Interviewed
APP02432,JP0093,Jesse Mccormick,Female,34,B.S.,6,Pasig,29-Jun-26,,Screened
APP00458,JP0018,Ryan Rosales,Female,22,Bachelor's Degree,1,Mandaluyong,02/19/2026,66.0,Interviewed
APP01478,JP0057,Cody Bailey,Male,,High School Graduate,0,Cebu City,25-Apr-26,69.3,Screened
APP01778,JP0069,Randy Robinson,female,32,BS,4,Makati,12-May-26,39.8,Applied
APP00725,JP0028,Steven Rivera,female,26,Bachelor's Degree,0,Cebu City,2026-03-04,77.4,Screened
APP02123,JP0081,John Moss,Female,40,B.S.,11,Pasig,"Jun 08, 2026",42.5,Applied
APP02615,JP0099,Tammy Larson,M,26,Bachelor,3,Taguig,07/13/2026,85.1,Offered
APP02067,JP0079,Matthew Watkins,male,35,Bachelor's Degree,5,Cebu City,05/30/2026,81.8,Hired
APP01907,JP0074,Mr. Bryan Mckinney,Male,33,B.S.,5,Taguig,"May 14, 2026",93.2,Hired
APP01169,JP0046,Timothy Monroe,M,35,Bachelor,8,Cebu City,2026-04-01,64.9,Interviewed
APP00079,JP0004,Michael Evans,M,29,MS,4,Mandaluyong,15-Jan-26,71.1,Screened
APP02145,JP0082,Amber King,Female,29,Associate,3,Pasig,2026-05-29,56.2,Screened
APP01482,JP0057,Jacqueline Davis,female,38,MS,3,Mandaluyong,2026-04-19,84.3,Hired
APP01892,JP0073,Manuel Diaz,F,27,B.S.,0,Cebu City,14-May-26,39.4,Applied
APP01668,JP0064,Cheryl Mclean,F,33,M.S.,3,Davao City,"Apr 28, 2026",20.2,Rejected
APP01992,JP0077,Daniel Lee,Female,30,B.S.,0,Quezon City,05/21/2026,64.2,Screened
APP00469,JP0019,Julie Dominguez,F,35,Bachelors,3,Pasig,02/22/2026,60.2,Screened
APP00529,JP0020,Michael Cooper,M,24,B.S.,0,Mandaluyong,02/25/2026,47.2,Rejected
APP00393,JP0016,Joann Glass,Male,41,B.S.,12,Iloilo City,31-Jan-26,53.0,Rejected
APP00378,JP0015,Aimee Turner,F,37,BS,7,Quezon City,"Feb 06, 2026",4.9,Applied
APP02179,JP0083,Trevor James,female,37,BS,6,Quezon City,2026-06-11,43.2,Rejected
APP01635,JP0063,Michael Hill,M,34,Master,7,Davao City,2026-05-08,62.1,Rejected
APP02535,JP0097,Phillip Byrd,male,20,Bachelors,2,Mandaluyong,2026-07-02,56.8,Screened
APP00696,JP0027,Katherine Stark,M,45,BS,14,Pasig,"Feb 24, 2026",74.8,Screened
APP01230,JP0048,Preston Kim,F,27,MS,5,Mandaluyong,2026-04-08,28.5,Rejected
APP00065,JP0003,Connor West,female,34,Bachelor,7,Mandaluyong,"Jan 11, 2026",65.0,Rejected
APP00856,JP0033,Victor Edwards,Male,42,Vocational,9,Cebu City,"Mar 08, 2026",60.8,Screened
APP02448,JP0093,Alex Cameron,M,37,HS Graduate,9,Quezon City,"Jun 17, 2026",49.0,Applied
APP01255,JP0049,Jessica Larsen,Male,27,Bachelor,0,Iloilo City,10-Apr-26,48.3,Rejected
APP00205,JP0009,Theresa Clark,M,34,Bachelor's Degree,4,Taguig,02/03/2026,39.8,Applied
APP00376,JP0015,Sergio Knight,male,25,Senior High,1,Iloilo City,2026-02-08,,Screened
APP01825,JP0071,Michael Anderson,female,33,BS,6,Mandaluyong,22-May-26,77.6,Screened
APP02240,JP0086,Shawn Adams,male,36,Master's Degree,11,Pasig,2026-06-08,57.0,Screened
APP02551,JP0097,Javier Hays,Female,35,Associate,12,Pasig,2026-07-10,50.3,Screened
APP02303,JP0088,Michael Anderson,Female,40,Bachelor,12,Pasig,"Jun 24, 2026",73.0,Screened
APP02382,JP0091,Johnny Cox,male,49,Bachelor,7,Makati,"Jun 27, 2026",56.3,Rejected
APP00013,JP0001,Ryan Munoz,female,28,Master's Degree,3,Taguig,21-Jan-26,,Interviewed
APP01959,JP0075,Gregory Madden,female,41,Bachelor,6,Pasig,05/30/2026,67.7,Screened
APP01840,JP0071,Christopher Davis,female,41,B.S.,12,Makati,2026-05-15,,Rejected
APP00691,JP0027,Joseph Williams,male,34,BS,2,Davao City,03/01/2026,36.1,Applied
APP00259,JP0011,Kristen Davis,F,26,Vocational,0,Iloilo City,02/09/2026,73.9,Screened
APP01618,JP0062,Marcus King,Female,34,BS,9,Makati,04/29/2026,4.5,Applied
APP00406,JP0016,Scott Williams,Male,34,Associate Degree,3,,"Feb 09, 2026",73.3,Interviewed
APP01586,JP0061,David Mcdaniel,female,35,Bachelors,5,Iloilo City,04/24/2026,76.6,Screened
APP00933,JP0036,Danielle Murray,Female,31,Master,5,Iloilo City,"Mar 27, 2026",100.0,Hired
APP02041,JP0078,Justin Dalton,Male,26,Associate Degree,0,Quezon City,29-May-26,60.3,Screened
APP02101,JP0081,Maria Sims,female,26,MS,5,Quezon City,"Jun 01, 2026",29.8,Applied
APP01242,JP0048,Steven Lee,male,20,BS,0,Quezon City,31-Mar-26,66.1,Interviewed
APP01935,JP0075,Willie Lara,male,40,Bachelors,8,Cebu City,"May 31, 2026",59.1,Rejected
APP00757,JP0029,Linda Gonzalez,Male,42,BS,11,Quezon City,03/05/2026,68.3,Interviewed
APP00035,JP0002,Paula Moreno,female,37,Associate,3,Makati,"Jan 04, 2026",60.6,Screened
APP00844,JP0033,Lisa Ramirez,Male,36,Bachelors,4,Makati,2026-03-07,42.3,Rejected
APP00544,JP0021,David Davis,Male,38,Master's Degree,7,Taguig,21-Feb-26,56.8,Rejected
APP02222,JP0085,Donna Freeman,Male,26,MS,3,Mandaluyong,06/06/2026,59.1,Screened
APP01374,JP0053,Pamela Weaver,M,29,Bachelor's Degree,2,Davao City,2026-04-11,56.8,Screened
APP01146,JP0045,Kristin Huerta,male,23,MS,0,Makati,04/04/2026,61.0,Screened
APP01028,JP0040,Annette Melton,female,36,Master's Degree,3,Makati,30-Mar-26,56.0,Screened
APP00363,JP0015,Ellen Morgan,Male,23,Bachelor's Degree,0,Davao City,"Feb 05, 2026",60.3,Screened
APP00671,JP0026,Tammy Boone,male,30,Master's Degree,1,Davao City,"Feb 21, 2026",56.9,Rejected
APP00345,JP0014,Jeffery Ortega,F,,Bachelor's Degree,3,Taguig,01/25/2026,36.8,Applied
APP00981,JP0038,Melissa Mcfarland,male,36,Bachelor,11,Taguig,03/25/2026,89.2,Interviewed
APP01341,JP0052,Edward Arroyo,F,48,B.S.,10,Quezon City,04/16/2026,42.2,Applied
APP01030,JP0040,Natalie Malone,female,29,M.S.,3,,2026-04-02,30.6,Rejected
APP00464,JP0019,Veronica King,Male,27,HS Graduate,5,Davao City,"Feb 23, 2026",72.2,Screened
APP01404,JP0054,Alejandro Martinez,male,29,Bachelor's Degree,5,Mandaluyong,2026-04-13,70.9,Screened
APP02329,JP0089,Sharon Mann,M,30,Associate Degree,6,Davao City,"Jun 13, 2026",60.9,Screened
APP01555,JP0060,Lisa Brown,Male,37,B.S.,9,Davao City,04/21/2026,64.9,Interviewed
APP01265,JP0049,Mr. Carl Rios,female,25,B.S.,1,Cebu City,04/10/2026,65.6,Screened
APP02116,JP0081,Charles Thompson,Male,33,MS,6,Pasig,"Jun 06, 2026",99.1,Interviewed
APP01549,JP0060,Kim Lopez,M,29,M.S.,1,Iloilo City,"May 04, 2026",60.1,Rejected
APP02285,JP0087,Kevin Carson,Male,33,Master's Degree,2,Quezon City,06/08/2026,30.2,Applied
APP01253,JP0049,Matthew Hunt,Female,31,BS,6,Taguig,04/01/2026,73.6,Screened
APP01721,JP0066,Christopher Tate,Male,20,MS,0,Pasig,2026-05-17,95.2,Hired
APP01246,JP0049,Christopher Marsh,F,37,Associate,3,Makati,11-Apr-26,,Screened
APP02462,JP0094,Robert Stewart,female,31,Master's Degree,4,Pasig,07/09/2026,56.6,Rejected
APP00078,JP0004,Lisa Barnes,F,28,Bachelors,8,Iloilo City,01/15/2026,79.9,Screened
APP01187,JP0046,Mr. Thomas Thompson,F,43,Associate,13,Cebu City,26-Mar-26,63.8,Rejected
APP00822,JP0032,Scott Duke,Female,29,Vocational,9,Makati,2026-03-06,84.9,Interviewed
APP01856,JP0072,Dominique Hamilton,F,30,Associate,2,Quezon City,2026-05-22,52.8,Screened
APP02322,JP0089,Steven Martinez,female,36,Senior High,6,Taguig,12-Jun-26,51.5,Rejected
APP02126,JP0081,Sean Mathews,F,36,M.S.,1,Iloilo City,03-Jun-26,55.1,Interviewed
APP00143,JP0006,Daniel Kennedy,M,37,Bachelor,7,Davao City,01/15/2026,65.0,Screened
APP01136,JP0044,Patricia Ray,Female,35,BS,5,Makati,04/05/2026,12.1,Rejected
APP00938,JP0036,Samantha Foster,M,20,BS,0,Makati,03/19/2026,,Screened
APP00936,JP0036,Lauren Green,male,34,Bachelor,9,Davao City,2026-03-09,66.5,Screened
APP00840,JP0032,Jackie Clements,female,38,Bachelor's Degree,5,Davao City,14-Mar-26,60.6,Interviewed
APP01537,JP0059,Christina Gilbert,M,30,MS,3,Mandaluyong,"Apr 15, 2026",56.5,Screened
APP01207,JP0047,Anna Walker,Female,20,Master's Degree,0,Davao City,"Apr 01, 2026",41.7,Rejected
APP00523,JP0020,Katherine Martinez,female,28,Bachelor,4,Pasig,15-Feb-26,75.0,Screened
APP02634,JP0100,Carol Carter,Male,29,Bachelors,1,Quezon City,"Jul 01, 2026",60.1,Screened
APP02012,JP0077,Ryan Mcmahon,female,29,M.S.,0,Iloilo City,2026-06-09,70.6,Screened
APP01947,JP0075,Dennis Blanchard,Male,33,Master's Degree,0,Quezon City,"May 30, 2026",30.7,Rejected
APP01400,JP0054,Jacqueline Dickerson,F,30,Bachelor,1,Mandaluyong,12-Apr-26,84.1,Interviewed
APP00895,JP0034,Dr. Andrea Marshall,Female,22,Bachelor's Degree,0,Davao City,09-Mar-26,43.2,Applied
APP00825,JP0032,Derrick Clayton,M,,Bachelor's Degree,3,Makati,10-Mar-26,48.3,Screened
APP02612,JP0099,Sally Leon,Female,39,Bachelors,8,Quezon City,07/19/2026,100.0,Hired
APP01684,JP0065,David Jones,Male,39,Bachelor's Degree,9,Davao City,16-May-26,57.9,Rejected
APP02297,JP0087,Andrew Cook,M,33,BS,7,Pasig,21-Jun-26,58.0,Screened
APP02256,JP0086,Jimmy Phelps,male,23,Bachelor,2,Quezon City,06/05/2026,36.4,Applied
APP02219,JP0085,Katherine Klein,female,37,B.S.,5,Taguig,2026-06-20,,Rejected
APP00665,JP0026,David Robinson,female,37,B.S.,8,Taguig,"Feb 18, 2026",100.0,Hired
APP00169,JP0007,Joshua Cooke,M,22,BS,4,Iloilo City,"Jan 31, 2026",51.0,Applied
APP00037,JP0002,Elizabeth Fowler,Female,32,B.S.,1,Makati,01/02/2026,61.6,Screened
APP02558,JP0097,Hunter Robinson,male,,B.S.,5,Makati,"Jun 29, 2026",56.9,Screened
APP00734,JP0028,Laurie Goodwin,female,33,B.S.,6,Cebu City,"Feb 18, 2026",84.4,Hired
APP00085,JP0004,Matthew Mcmillan,female,47,HS Graduate,13,Taguig,11-Jan-26,49.9,Rejected
APP01213,JP0047,Jose Bennett,female,25,Senior High,0,Pasig,07-Apr-26,44.6,Rejected
APP02271,JP0087,Lori Ferguson,M,27,Associate Degree,8,Pasig,2026-06-14,46.8,Applied
APP01831,JP0071,Sabrina Rodriguez,male,29,Bachelor's Degree,3,Cebu City,2026-05-09,63.9,Interviewed
APP01144,JP0045,Lisa Torres,Female,30,Master,1,Makati,04/07/2026,61.7,Screened
APP01303,JP0051,Jack Moore,Male,45,Bachelor,6,Mandaluyong,04/17/2026,53.0,Screened
APP00225,JP0009,Rodney Morales,male,25,Bachelor's Degree,4,Makati,24-Jan-26,58.0,Screened
APP00517,JP0020,Rebecca Hicks,Male,,Bachelors,0,Cebu City,"Feb 13, 2026",64.2,Screened
APP01694,JP0065,Adrian Dean,F,,B.S.,0,Mandaluyong,05/08/2026,68.3,Interviewed
APP00527,JP0020,Phillip Berry,M,24,Associate Degree,0,Quezon City,24-Feb-26,79.2,Interviewed
APP02420,JP0093,Christopher Mcclure,F,38,MS,4,,2026-07-07,43.0,Applied
APP01864,JP0072,Steven Griffith,Female,31,Bachelor's Degree,3,Mandaluyong,19-May-26,51.7,Rejected
APP01397,JP0054,Charles Haley,F,28,Bachelors,3,Taguig,2026-04-12,81.5,Screened
APP01531,JP0059,Sean Kane,Male,20,Bachelors,0,Iloilo City,04/23/2026,60.1,Interviewed
APP02404,JP0092,Lisa Morgan,F,25,B.S.,0,Makati,"Jun 26, 2026",49.0,Rejected
APP02073,JP0080,Jason Colon,male,20,M.S.,0,,2026-06-05,62.6,Screened
APP01539,JP0059,Ashley Brown,Female,21,Bachelor's Degree,1,Cebu City,30-Apr-26,28.0,Applied
APP01217,JP0048,Samantha Zavala MD,Male,29,Bachelor,7,Davao City,13-Apr-26,90.5,Interviewed
APP01434,JP0055,Mark Anderson,Non-binary,28,Bachelors,2,Quezon City,21-Apr-26,70.0,Interviewed
APP02224,JP0085,Corey Cooper,M,48,Master,11,Mandaluyong,09-Jun-26,59.9,Rejected
APP01683,JP0065,Emily Lane,F,26,Bachelor,5,Mandaluyong,27-Apr-26,73.7,Interviewed
APP01188,JP0047,Jasmine Frye,F,28,Vocational,4,Iloilo City,2026-04-09,60.4,Screened
APP01515,JP0059,Alexis Benson,female,30,MS,0,Pasig,26-Apr-26,26.7,Rejected
APP00953,JP0037,Alyssa Haynes,M,36,M.S.,10,Pasig,13-Mar-26,70.5,Screened
APP00739,JP0029,Krista Benton,F,31,Master,2,Iloilo City,2026-02-21,55.6,Rejected
APP00238,JP0010,Michael Lyons,M,37,BS,9,Mandaluyong,02-Feb-26,73.4,Screened
APP00723,JP0028,Kyle Nguyen,male,22,B.S.,0,Quezon City,2026-02-21,,Rejected
APP01814,JP0070,Joseph Woodward,Female,46,Master's Degree,11,Iloilo City,"May 26, 2026",66.3,Screened
APP01162,JP0045,Christine Powers,Non-binary,25,Associate,0,Pasig,25-Mar-26,46.3,Rejected
APP02273,JP0087,Jennifer Gonzalez,male,33,Bachelors,7,Cebu City,2026-06-14,72.2,Screened
APP01216,JP0047,Anthony Randolph,M,35,Master's Degree,5,Mandaluyong,2026-03-30,41.3,Rejected
APP01063,JP0041,Melanie Griffith,Female,24,M.S.,1,Pasig,03/26/2026,35.1,Rejected
APP02157,JP0082,Diane Mcdowell,Female,32,Bachelor,5,Iloilo City,2026-05-27,36.1,Rejected
APP01053,JP0041,Stephanie Evans,M,25,Master's Degree,3,,2026-03-16,45.5,Applied
APP01181,JP0046,Michelle Rodriguez,Male,28,High School Graduate,0,Cebu City,04/11/2026,,Screened
APP01491,JP0058,Chelsey Fox,Male,20,Bachelor,0,,04/25/2026,85.7,Offered
APP02210,JP0084,Mark Warren IV,F,37,Bachelor's Degree,12,Davao City,2026-06-02,91.1,Interviewed
APP00885,JP0034,Holly Scott,F,45,Bachelors,9,Pasig,"Mar 06, 2026",69.5,Screened
APP00136,JP0006,Christopher Rubio,Female,32,M.S.,3,Davao City,01/10/2026,48.7,Rejected
APP02600,JP0099,Alexandria Wise,F,20,BS,2,Cebu City,"Jul 11, 2026",43.6,Rejected
APP00850,JP0033,Shannon Miller,Male,42,Bachelors,11,Pasig,05-Mar-26,74.5,Interviewed
APP00721,JP0028,Brenda Hinton,F,29,Associate,0,Mandaluyong,2026-02-25,80.2,Screened
APP02509,JP0096,Johnny Riddle,female,36,Master,10,Davao City,"Jun 24, 2026",51.3,Rejected
APP00255,JP0011,Yvonne Burns,M,33,BS,8,Pasig,"Feb 06, 2026",39.0,Screened
APP00098,JP0004,Sarah Moore,male,28,HS Graduate,0,Makati,11-Jan-26,72.9,Interviewed
APP00411,JP0016,Dana Chapman,male,27,Associate Degree,3,Iloilo City,"Feb 13, 2026",70.5,Interviewed
APP02252,JP0086,Jeremy Hunter,female,31,Senior High,4,,10-Jun-26,45.9,Screened
APP02488,JP0095,Melissa Clark,Female,31,Bachelors,7,Pasig,06-Jul-26,69.1,Interviewed
APP00402,JP0016,Jennifer Collins,F,20,Bachelor,0,Quezon City,"Feb 15, 2026",54.9,Rejected
APP01380,JP0053,Debra Valentine,male,20,B.S.,5,Mandaluyong,2026-04-10,69.5,Interviewed
APP02214,JP0085,Christine Wong,Female,32,B.S.,4,Taguig,07-Jun-26,100.0,Interviewed
APP01913,JP0074,Rebecca Dougherty,M,43,Senior High,13,Mandaluyong,"May 16, 2026",83.7,Interviewed
APP00594,JP0023,Sherry Woods,female,33,Bachelor's Degree,5,Cebu City,"Feb 21, 2026",49.0,Rejected
APP02104,JP0081,Sydney Welch,male,22,Bachelors,0,Pasig,02-Jun-26,62.3,Rejected
APP01301,JP0050,Alison Williams,Male,32,BS,4,Quezon City,13-Apr-26,60.2,Rejected
APP01829,JP0071,Brittany Riley,F,49,B.S.,11,Makati,"May 26, 2026",,Interviewed
APP00846,JP0033,Michael Blair,Female,33,HS Graduate,6,Cebu City,"Mar 22, 2026",35.9,Rejected
APP01556,JP0060,Christopher Campbell,Female,32,MS,2,Davao City,2026-05-04,,Interviewed
APP00047,JP0002,Sherri Baker,Female,23,Bachelors,4,,13-Jan-26,64.7,Screened
APP02264,JP0086,Paul Estrada,female,43,Bachelors,10,Davao City,24-Jun-26,78.3,Interviewed
APP02137,JP0082,Melissa Reeves,female,31,Associate,2,Mandaluyong,14-Jun-26,58.3,Screened
APP02572,JP0098,Kevin Guerra,M,25,HS Graduate,1,Davao City,2026-07-10,48.8,Applied
APP00982,JP0038,Margaret Tanner,Female,34,BS,6,Mandaluyong,26-Mar-26,61.0,Screened
APP01583,JP0061,Brandy Forbes,Male,35,BS,9,,2026-04-25,100.0,Hired
APP01139,JP0044,John Garcia,female,31,M.S.,3,Makati,2026-03-20,68.7,Interviewed
APP01894,JP0073,Stacy Rodriguez,male,32,B.S.,6,Davao City,17-May-26,44.1,Applied
APP00677,JP0026,Larry Harris,F,40,BS,5,Iloilo City,02/27/2026,45.2,Rejected
APP00733,JP0028,Aaron Parker,female,30,BS,6,Iloilo City,03/01/2026,,Rejected
APP00426,JP0017,Julian Conner,male,,Vocational,5,Taguig,2026-02-06,83.9,Hired
APP01534,JP0059,Elizabeth Cross,female,27,Bachelor,4,Cebu City,"May 04, 2026",72.1,Screened
APP01655,JP0064,Nathaniel Gilbert,male,37,BS,10,Makati,04/28/2026,74.3,Interviewed
APP00838,JP0032,Monica Ellis,Prefer not to say,31,HS Graduate,2,Iloilo City,2026-03-05,66.8,Rejected
APP00624,JP0024,Bryan Parker,F,29,Master's Degree,5,Davao City,02/21/2026,55.9,Screened
APP00106,JP0005,Garrett Lin,F,28,Associate Degree,0,Iloilo City,"Jan 19, 2026",54.4,Screened
APP00413,JP0017,Carrie Wright,female,30,Bachelor's Degree,4,Makati,"Feb 10, 2026",75.3,Screened
APP01634,JP0063,Sara Evans,Female,34,B.S.,3,,"Apr 30, 2026",63.9,Interviewed
APP02590,JP0099,Melissa Brewer,F,37,M.S.,11,,09-Jul-26,38.6,Rejected
APP00095,JP0004,Aimee Montoya,male,37,B.S.,9,Pasig,26-Jan-26,57.1,Rejected
APP02081,JP0080,Robert Hopkins,Male,38,Master's Degree,6,Taguig,06/12/2026,61.9,Screened
APP00746,JP0029,Jennifer Porter,female,24,Senior High,0,Iloilo City,"Feb 21, 2026",42.5,Rejected
APP01620,JP0063,Anna Evans,Female,34,Bachelor,5,Makati,05/03/2026,64.4,Rejected
APP00002,JP0001,Jamie Arnold,Female,37,B.S.,9,Cebu City,01/04/2026,61.2,Screened
APP00294,JP0012,Stephanie Williams,Female,22,Bachelor's Degree,2,Cebu City,"Feb 01, 2026",43.5,Rejected
APP01062,JP0041,Yolanda Green,Male,29,Bachelor,7,Iloilo City,25-Mar-26,37.2,Rejected
APP01204,JP0047,Ryan Vaughn,female,42,Bachelors,7,Pasig,"Mar 29, 2026",85.0,Interviewed
APP01438,JP0056,Joseph Lopez,M,31,M.S.,9,Iloilo City,"Apr 26, 2026",80.3,Interviewed
APP02482,JP0095,Jason Jennings,male,,Vocational,1,Makati,28-Jun-26,66.6,Rejected
APP02484,JP0095,Justin Brooks,male,30,Master,5,Cebu City,21-Jun-26,74.0,Interviewed
APP02406,JP0092,Patricia Harvey,female,31,M.S.,4,Mandaluyong,"Jun 14, 2026",51.8,Rejected
APP01552,JP0060,Joshua Clark,male,26,Bachelor's Degree,0,Mandaluyong,"Apr 21, 2026",31.2,Applied
APP02296,JP0087,Nicole Moore,M,33,Vocational,5,Taguig,"Jun 25, 2026",69.0,Rejected
APP01698,JP0065,Kyle Watkins,F,,Master,1,Davao City,"May 02, 2026",57.9,Rejected
APP00859,JP0033,Paul Lawrence,male,38,BS,14,Cebu City,2026-03-11,73.1,Screened
APP02209,JP0084,Cody Burgess,Male,35,B.S.,4,Mandaluyong,06/02/2026,54.0,Applied
APP00878,JP0034,Ryan Murphy,female,33,Associate Degree,6,Makati,03/21/2026,43.0,Rejected
APP00515,JP0020,Austin Osborne,Female,40,Master's Degree,7,Quezon City,07-Feb-26,96.2,Hired
APP01776,JP0069,Mary Houston,Male,,Bachelors,6,Mandaluyong,17-May-26,69.4,Interviewed
APP00301,JP0013,Andrea Hubbard,Male,31,BS,7,Davao City,"Jan 26, 2026",24.8,Rejected
APP00501,JP0020,Dr. Kelly Hammond DVM,male,37,Master's Degree,5,Taguig,09-Feb-26,,Screened
APP01357,JP0052,Brandon Mitchell,male,22,Bachelor,0,Quezon City,2026-04-20,57.1,Rejected
APP00993,JP0039,Lori Flowers MD,F,29,B.S.,5,Iloilo City,"Mar 30, 2026",15.4,Applied
APP02499,JP0095,Sharon Baird,male,20,BS,1,Davao City,2026-06-30,50.0,Rejected
APP01789,JP0069,Alexander Davis,male,20,Bachelor's Degree,0,Quezon City,"May 26, 2026",,Interviewed
APP01777,JP0069,Stephanie Knight,Male,36,Bachelors,10,Pasig,2026-05-24,67.5,Screened
APP02054,JP0079,Timothy Patel,Female,29,Bachelor's Degree,0,Taguig,"May 29, 2026",43.8,Rejected
APP00358,JP0014,Jesse Perry,male,36,Bachelors,4,Cebu City,"Jan 26, 2026",40.6,Rejected
APP02550,JP0097,Thomas Murphy,Male,40,MS,9,Mandaluyong,2026-07-12,72.4,Hired
APP01333,JP0051,John Anderson,Female,33,MS,7,Iloilo City,2026-04-22,63.7,Screened
APP01631,JP0063,Ashley Blair,Male,34,Vocational,5,Pasig,2026-04-30,55.5,Screened
APP00564,JP0022,Kelly Lee,female,25,Senior High,0,Pasig,2026-03-01,70.5,Interviewed
APP01231,JP0048,Michael Ayala,M,28,Bachelor,0,Quezon City,04/07/2026,63.9,Screened
APP02386,JP0091,Timothy Wallace,Female,22,Vocational,1,,06/23/2026,56.8,Screened
APP00958,JP0037,Daniel Fox,M,39,Master,10,Mandaluyong,13-Mar-26,59.0,Screened
APP01755,JP0068,Shannon Rogers,F,28,Master,3,Quezon City,2026-05-18,28.2,Rejected
APP02158,JP0082,Michael Ellis,male,31,Associate Degree,2,Quezon City,06/13/2026,61.5,Screened
APP01013,JP0039,Karen Keith,male,30,MS,3,Taguig,03/28/2026,47.2,Screened
APP01094,JP0043,Frank Whitaker,Male,43,B.S.,12,Makati,2026-04-03,81.9,Screened
APP02379,JP0091,Pamela Medina,Female,38,Master's Degree,5,Pasig,2026-06-27,68.5,Screened
APP01007,JP0039,Edward Stanley,Male,34,Bachelor's Degree,10,Pasig,03/20/2026,66.4,Screened
APP01697,JP0065,Bruce Hernandez,Female,32,Bachelors,2,Iloilo City,04/28/2026,63.5,Screened
APP00172,JP0007,Devon Flores,male,30,B.S.,7,Pasig,01/16/2026,81.4,Interviewed
APP00593,JP0023,William Evans,Female,36,Vocational,3,Iloilo City,15-Feb-26,68.8,Screened
APP01480,JP0057,Denise Guerra,F,,B.S.,1,Cebu City,04/27/2026,72.4,Screened
APP00686,JP0027,Michael Abbott,female,24,Bachelor's Degree,4,Pasig,08-Mar-26,46.2,Applied
APP01192,JP0047,Daniel White,Male,26,Vocational,4,Makati,04/09/2026,43.7,Applied
APP00876,JP0034,Aimee Gonzalez,female,26,BS,3,Pasig,03/18/2026,48.1,Applied
APP00482,JP0019,Samantha Gardner,Male,24,Bachelors,3,Cebu City,11-Feb-26,49.9,Applied
APP00554,JP0022,Louis Martin,Female,20,B.S.,0,Cebu City,20-Feb-26,61.0,Rejected
APP01156,JP0045,Vanessa Santiago,male,41,MS,5,,"Mar 28, 2026",100.0,Hired
APP01132,JP0044,Brittany Davis,M,23,B.S.,7,Quezon City,28-Mar-26,79.1,Offered
APP00503,JP0020,Allison Spencer,female,29,Bachelors,3,Davao City,02/22/2026,73.2,Screened
APP00632,JP0025,Robert Reese,female,25,B.S.,0,Quezon City,2026-02-20,65.4,Screened
APP02291,JP0087,Virginia Cunningham,Male,20,Bachelor,2,Davao City,06/15/2026,44.6,Applied
APP01660,JP0064,Jesse Sampson,Female,33,Bachelor's Degree,7,Davao City,13-May-26,45.4,Rejected
APP00998,JP0039,Peter Thompson,Female,36,B.S.,7,Pasig,2026-03-24,,Rejected
APP01922,JP0074,Veronica Berry,Male,25,B.S.,4,Taguig,2026-05-18,40.2,Rejected
APP01155,JP0045,Jennifer Young,male,20,Bachelor,4,Quezon City,"Mar 31, 2026",56.0,Screened
APP02494,JP0095,Alexander Floyd,F,25,Associate Degree,2,,"Jun 24, 2026",63.5,Rejected
APP00111,JP0005,William Herrera,Male,24,Master,0,Iloilo City,2026-01-19,58.5,Screened
APP00743,JP0029,Eric Rush,M,37,Bachelors,5,Iloilo City,02/28/2026,69.2,Screened
APP02474,JP0094,Erin Brown,female,27,B.S.,7,Makati,07/05/2026,89.3,Screened
APP01962,JP0076,Michael Barker,F,32,Master's Degree,0,Taguig,28-May-26,,Rejected
APP01077,JP0042,Edwin Brown,Male,30,Bachelor's Degree,1,Taguig,"Mar 22, 2026",46.2,Screened
APP01813,JP0070,Cassandra Williams,male,20,Master,0,Taguig,14-May-26,50.8,Screened
APP00820,JP0032,Mr. Michael Williams,female,43,B.S.,12,Davao City,03/14/2026,,Rejected
APP00107,JP0005,Jeffrey Chandler,M,35,Bachelor's Degree,8,Quezon City,12-Jan-26,,Rejected
APP00655,JP0026,Eric Thomas,female,28,MS,0,Quezon City,2026-02-25,72.7,Interviewed
APP02422,JP0093,Kevin Gregory,female,35,Master,6,Iloilo City,01-Jul-26,77.7,Screened
APP02437,JP0093,Richard Rodriguez,Female,36,Master,7,Makati,07-Jul-26,28.5,Applied
APP02604,JP0099,Janice Cunningham,M,43,Bachelors,17,Mandaluyong,07-Jul-26,,Rejected
APP00648,JP0025,Zachary Michael,M,43,Senior High,8,Mandaluyong,21-Feb-26,65.8,Screened
APP00374,JP0015,Sabrina Austin,F,39,B.S.,5,Pasig,07-Feb-26,58.5,Screened
APP00258,JP0011,Cynthia Rowe,Male,33,B.S.,0,Cebu City,02/11/2026,47.0,Rejected
APP00043,JP0002,John Pierce,female,34,Associate Degree,4,Taguig,01/06/2026,57.6,Rejected
APP01014,JP0039,Brian Harris,Female,32,Vocational,4,Quezon City,13-Mar-26,100.0,Hired
APP00883,JP0034,Michael Miles,Male,30,BS,7,Quezon City,"Mar 13, 2026",73.7,Offered
APP00788,JP0030,Samuel Wong,female,37,Bachelor,9,Taguig,27-Feb-26,59.1,Screened
APP01225,JP0048,Lisa Haley,male,31,B.S.,3,Davao City,"Apr 13, 2026",79.6,Screened
APP01131,JP0044,Mary Jackson,Male,31,Bachelor,2,Davao City,2026-03-21,,Interviewed
APP00021,JP0001,Cristian Santos,Female,36,BS,8,Iloilo City,24-Jan-26,86.3,Interviewed
APP01608,JP0062,Amanda Forbes,M,43,B.S.,8,Cebu City,2026-05-01,85.3,Hired
APP01088,JP0042,David Carter,Female,30,Bachelor's Degree,2,Quezon City,"Mar 26, 2026",61.2,Screened
APP00835,JP0032,Carol Sanders,female,28,Associate Degree,0,Makati,"Mar 16, 2026",52.3,Rejected
APP00700,JP0027,Justin Walker,M,30,Master's Degree,3,Iloilo City,01-Mar-26,84.8,Interviewed
APP01709,JP0066,Charles Hernandez,M,21,Bachelor's Degree,0,Quezon City,"May 11, 2026",57.1,Rejected
APP02208,JP0084,Kelly Phillips,male,28,Bachelors,8,Pasig,06/04/2026,64.0,Screened
APP01161,JP0045,John Allen,Male,28,Master,0,Davao City,25-Mar-26,61.4,Interviewed
APP00581,JP0023,Daniel Nguyen,female,41,Bachelor,9,Iloilo City,2026-02-13,78.1,Interviewed
APP00034,JP0002,Jessica Holmes,female,20,M.S.,0,Iloilo City,10-Jan-26,44.8,Rejected
APP00873,JP0033,Donald Miller,F,42,Master's Degree,14,Makati,"Mar 13, 2026",74.1,Screened
APP01963,JP0076,Robert Mclean,male,41,Senior High,12,Davao City,05/28/2026,52.3,Applied
APP01823,JP0071,Kaitlin Hardin,female,45,Bachelors,10,Makati,05/20/2026,72.1,Screened
APP00841,JP0032,Tyler Harris,male,31,Master,4,Pasig,02/28/2026,41.1,Rejected
APP01090,JP0043,Michael Phillips,Male,23,BS,0,Iloilo City,03/22/2026,37.6,Rejected
APP01179,JP0046,Jenna Bryant,female,33,BS,6,Iloilo City,03/24/2026,70.5,Interviewed
APP01905,JP0074,Donna Frye,male,32,Bachelor's Degree,3,Makati,"May 30, 2026",74.6,Screened
APP00974,JP0038,Jenna Gamble,M,34,Associate,12,Quezon City,2026-03-11,63.2,Interviewed
APP00404,JP0016,Hannah Luna,female,38,Bachelor,4,Quezon City,02/01/2026,61.8,Rejected
APP00011,JP0001,Carla Gray,Male,35,B.S.,8,Iloilo City,21-Jan-26,53.7,Screened
APP00701,JP0027,James Whitaker,male,28,Associate,7,Quezon City,04-Mar-26,69.8,Screened
APP00049,JP0002,Jeffrey Chavez,male,30,MS,3,Pasig,2026-01-09,62.7,Screened
APP02517,JP0096,Donna Ibarra,Male,21,Bachelor,0,Davao City,2026-07-01,60.3,Screened
APP00505,JP0020,Krista Martinez,Female,31,High School Graduate,4,Pasig,2026-02-05,45.0,Applied
APP00903,JP0035,Russell Murphy,male,24,BS,0,Davao City,03/15/2026,49.4,Applied
APP01824,JP0071,Mark Mills,M,35,BS,7,,2026-05-15,44.1,Applied
APP01875,JP0073,Angela Gilmore,F,34,Bachelor's Degree,7,,17-May-26,48.6,Applied
APP00541,JP0021,Bianca Wood,Male,21,Bachelor's Degree,2,Cebu City,16-Feb-26,53.3,Screened
APP01706,JP0066,Robert Garza,Female,34,MS,8,Pasig,07-May-26,77.9,Screened
APP02591,JP0099,Jennifer Williams,Male,20,M.S.,0,Makati,2026-07-12,51.7,Interviewed
APP00244,JP0010,Donna Landry,Male,34,Bachelor's Degree,8,Davao City,29-Jan-26,60.7,Rejected
APP00779,JP0030,Margaret Harper,male,26,BS,0,Davao City,09-Mar-26,47.2,Rejected
APP01389,JP0054,Nicholas Stanley,F,29,M.S.,6,Cebu City,18-Apr-26,,Applied
APP00163,JP0007,Brenda Hall,female,24,Vocational,0,Makati,2026-01-22,79.9,Offered
APP01686,JP0065,Anthony Simmons,M,31,Bachelors,3,Pasig,2026-05-11,58.8,Screened
APP00605,JP0024,Michael Miller,Female,,Associate Degree,0,Mandaluyong,"Mar 01, 2026",32.0,Rejected
APP02544,JP0097,Brian Murphy,F,28,Bachelors,1,Iloilo City,"Jul 14, 2026",46.3,Screened
APP01350,JP0052,Penny Gomez MD,Male,24,B.S.,2,Iloilo City,15-Apr-26,71.7,Screened
APP00571,JP0022,Michael Johnson,Prefer not to say,28,High School Graduate,3,Quezon City,"Feb 15, 2026",,Applied
APP01756,JP0068,Robert Green,female,26,Associate Degree,0,Mandaluyong,19-May-26,65.4,Screened
APP01808,JP0070,Elizabeth Ferguson,Male,38,Associate,8,Makati,26-May-26,57.0,Rejected
APP02061,JP0079,Joshua Gonzalez,female,43,Bachelors,12,Makati,05/29/2026,47.8,Applied
APP00133,JP0006,Jason Powell,Female,20,Master,0,Cebu City,"Jan 10, 2026",,Interviewed
APP02640,JP0100,Jesus Hale,Female,30,Master's Degree,0,Iloilo City,07/18/2026,47.9,Applied
APP02014,JP0077,Darren Rodriguez,F,27,BS,0,Iloilo City,05/30/2026,57.7,Screened
APP00979,JP0038,James Oconnor,Female,34,Bachelor's Degree,7,Iloilo City,"Mar 30, 2026",60.9,Screened
APP02621,JP0100,Jacob Wu,F,31,MS,0,Iloilo City,2026-07-16,60.3,Screened
APP00177,JP0008,Debra Morton,Female,29,B.S.,7,Cebu City,"Jan 27, 2026",51.8,Rejected
APP01118,JP0044,Ernest Bush,Male,38,MS,6,Pasig,06-Apr-26,41.9,Applied
APP01001,JP0039,Michael Bowen,Female,20,Bachelor,0,Iloilo City,"Mar 17, 2026",89.1,Hired
APP00699,JP0027,Brent Hernandez,F,37,Bachelors,10,Pasig,06-Mar-26,53.8,Rejected
APP00618,JP0024,Brian Martin,Female,,Bachelor's Degree,8,Davao City,"Feb 19, 2026",68.2,Screened
APP00191,JP0008,Alexander Collins,F,27,B.S.,2,Davao City,01/31/2026,72.4,Interviewed
APP00312,JP0013,Heather Fields,male,23,BS,0,Taguig,2026-02-09,73.1,Screened
APP02460,JP0094,Stephen Duncan,F,29,B.S.,2,Makati,"Jul 09, 2026",59.9,Rejected
APP01043,JP0041,Arthur Mcneil,M,22,Associate,0,Quezon City,"Mar 14, 2026",36.9,Applied
APP02515,JP0096,Troy Glenn,male,20,BS,0,Makati,"Jul 01, 2026",77.1,Interviewed
APP02553,JP0097,Chelsey Clark,Non-binary,35,Bachelor's Degree,4,Pasig,26-Jun-26,39.6,Screened
APP01076,JP0042,Courtney Nichols,Female,26,Associate,0,Quezon City,2026-04-03,91.0,Offered
APP02211,JP0084,Michael Hanson,Female,35,M.S.,4,Quezon City,"May 31, 2026",51.2,Screened
APP01250,JP0049,Kimberly Choi,female,33,Associate,6,Makati,04/14/2026,100.0,Hired
APP00028,JP0001,Holly Wood,male,37,B.S.,8,Iloilo City,16-Jan-26,57.2,Rejected
APP02619,JP0100,Robin Richardson,male,30,BS,0,Iloilo City,2026-07-13,43.9,Applied
APP00570,JP0022,Johnny Khan,Male,,Associate,7,Pasig,02/12/2026,93.8,Hired
APP00678,JP0026,Travis Hobbs,female,27,Master's Degree,5,Quezon City,"Feb 17, 2026",75.5,Screened
APP02392,JP0092,David Martin,F,20,Master,0,Mandaluyong,14-Jun-26,,Interviewed
APP02423,JP0093,Terry Glover,M,20,B.S.,4,Iloilo City,07/01/2026,68.5,Interviewed
APP01505,JP0058,James Barber,Male,27,B.S.,0,Iloilo City,2026-04-15,50.6,Screened
APP00946,JP0037,Mitchell Sellers,M,,Bachelor,0,Taguig,20-Mar-26,,Applied
APP02317,JP0089,Jill Roman,M,29,Bachelor's Degree,0,Cebu City,14-Jun-26,41.4,Applied
APP00796,JP0031,Michael Perry PhD,M,31,BS,10,Iloilo City,03/03/2026,70.4,Interviewed
APP00208,JP0009,Benjamin Smith,female,31,Bachelor,3,Pasig,02/04/2026,27.5,Rejected
APP02084,JP0080,Elizabeth Graham,Female,22,Vocational,0,,"Jun 07, 2026",67.4,Screened
APP01810,JP0070,Martin Fitzpatrick,Male,24,B.S.,3,Iloilo City,"May 20, 2026",73.2,Interviewed
APP02639,JP0100,Mark Weber,male,25,BS,0,Makati,2026-07-19,66.0,Interviewed
APP02280,JP0087,Melody Griffin,M,30,Bachelor's Degree,5,Cebu City,09-Jun-26,64.7,Interviewed
APP02092,JP0080,Sharon Lester,F,28,Master,4,Davao City,05-Jun-26,45.9,Screened
APP01690,JP0065,Michael Mckinney,Female,,B.S.,4,Quezon City,09-May-26,46.2,Applied
APP01048,JP0041,Hannah Martin,Prefer not to say,39,BS,8,Pasig,03-Apr-26,69.9,Screened
APP00476,JP0019,Jeanette Harrison,male,23,Bachelor,0,Iloilo City,"Feb 14, 2026",69.2,Screened
APP00952,JP0037,Kristy Hart,Female,28,MS,0,Iloilo City,03/13/2026,,Screened
APP02622,JP0100,Henry Rivera,F,34,M.S.,6,Cebu City,2026-07-18,50.5,Applied
APP00641,JP0025,Janet Kane DVM,Female,20,Associate,0,Taguig,2026-02-17,60.2,Rejected
APP02451,JP0094,Kevin Marshall,Female,26,B.S.,0,Cebu City,2026-06-24,61.3,Rejected
APP01237,JP0048,Jill Conway,male,28,Bachelor,4,Cebu City,13-Apr-26,86.5,Offered
APP01159,JP0045,Jesse Castro,F,23,BS,1,Makati,03/29/2026,40.0,Rejected
APP01430,JP0055,Ellen Wright,M,40,MS,8,Iloilo City,2026-04-17,74.7,Screened
APP02389,JP0092,Ryan Brown,Female,35,Vocational,7,Mandaluyong,"Jun 18, 2026",59.2,Screened
APP01540,JP0059,Bradley Duncan,M,23,MS,2,Iloilo City,02-May-26,59.9,Screened
APP02609,JP0099,James Dickerson,M,35,BS,7,Taguig,2026-07-14,87.8,Hired
APP01284,JP0050,Kristy Smith,female,26,MS,3,Quezon City,04/18/2026,23.2,Rejected
APP02557,JP0097,Raymond Wang,M,,MS,3,Iloilo City,2026-07-01,49.7,Screened
APP01599,JP0062,Teresa Horton,male,20,Bachelor,0,Makati,"Apr 30, 2026",77.2,Interviewed
APP00164,JP0007,Paul Castaneda,Male,34,Bachelor's Degree,1,Taguig,"Feb 01, 2026",64.1,Interviewed
APP01711,JP0066,Valerie Reyes,male,30,Bachelor,2,Pasig,05/12/2026,75.0,Screened
APP00960,JP0037,Eric Henry Jr.,M,22,Associate Degree,0,Davao City,03/15/2026,59.0,Screened
APP02575,JP0098,Jerome Reid,Female,21,Master's Degree,1,Pasig,2026-06-28,46.4,Applied
APP00879,JP0034,Troy Mills,Male,34,B.S.,3,Taguig,"Mar 11, 2026",66.1,Offered
APP01912,JP0074,Jesus Jackson,Male,24,Master's Degree,6,Taguig,27-May-26,61.8,Screened
APP01886,JP0073,Raymond Sawyer,Female,26,M.S.,4,Mandaluyong,05/27/2026,46.3,Screened
APP02207,JP0084,Laura King,female,32,BS,0,Taguig,05-Jun-26,63.0,Screened
APP00113,JP0005,Jessica Smith,female,36,Bachelor's Degree,8,Iloilo City,13-Jan-26,,Hired
APP02526,JP0096,Kelly Kent,M,,Bachelors,0,Iloilo City,"Jun 29, 2026",70.1,Screened
APP00270,JP0011,Barbara Dudley,Female,31,Bachelor's Degree,6,Quezon City,11-Feb-26,81.2,Interviewed
APP00110,JP0005,Christine Wright,Female,24,Bachelor's Degree,1,Mandaluyong,2026-01-18,81.8,Screened
APP01437,JP0056,Amy Rowe,Male,20,Bachelor,0,Davao City,"Apr 24, 2026",69.3,Rejected
APP01452,JP0056,Glenn Collins DDS,M,37,B.S.,6,Davao City,18-Apr-26,61.0,Interviewed
APP01669,JP0064,Aaron Jennings,M,25,Bachelor,0,Davao City,06-May-26,62.8,Screened
APP00583,JP0023,Dwayne Klein,Female,29,BS,4,Iloilo City,25-Feb-26,69.8,Screened
APP00650,JP0025,Laura Hernandez,Female,20,M.S.,3,Taguig,"Mar 02, 2026",100.0,Hired
APP01674,JP0065,Michael Ortega,F,52,Senior High,13,Pasig,2026-05-01,43.7,Applied
APP02105,JP0081,Sarah Bates,male,28,Bachelor's Degree,6,Cebu City,2026-06-10,72.7,Interviewed
APP02193,JP0084,Jeffery Davis,F,36,M.S.,8,Quezon City,06/20/2026,69.9,Screened
APP00403,JP0016,Kathleen Webster,female,38,Bachelor,14,Iloilo City,2026-02-14,49.6,Screened
APP01160,JP0045,April Davis,female,27,Master,3,Iloilo City,"Apr 11, 2026",55.0,Rejected
APP02270,JP0086,Brian Soto,M,30,MS,3,Mandaluyong,06/23/2026,65.2,Rejected
APP01692,JP0065,Charles Bush,F,43,Associate Degree,8,Pasig,2026-04-27,55.6,Rejected
APP02060,JP0079,Pamela Morgan,F,29,Bachelor's Degree,0,Mandaluyong,05/31/2026,56.8,Screened
APP02522,JP0096,Randall Nguyen,F,20,B.S.,0,Pasig,"Jun 23, 2026",55.7,Rejected
APP00451,JP0018,Alexander Brown,female,23,Master's Degree,0,Mandaluyong,2026-02-07,61.2,Screened
APP02308,JP0088,Jennifer Baker,M,34,High School Graduate,8,Pasig,2026-06-16,77.8,Interviewed
APP01310,JP0051,Nicole Gutierrez,Male,42,Bachelors,7,Davao City,2026-04-22,36.2,Rejected
APP02062,JP0079,Ana Torres,Male,41,Bachelor's Degree,5,Davao City,06/04/2026,68.7,Offered
APP00892,JP0034,Patricia Johnson,Female,31,Associate,9,Mandaluyong,"Mar 22, 2026",73.5,Screened
APP02579,JP0098,Jennifer Jackson,female,29,BS,4,Iloilo City,"Jul 08, 2026",33.9,Applied
APP00627,JP0024,Colleen Wright,Female,37,Vocational,9,Makati,03/05/2026,52.1,Rejected
APP02417,JP0092,Donald Fisher,F,43,B.S.,16,Makati,"Jun 18, 2026",75.1,Screened
APP02461,JP0094,James Morse,F,35,MS,6,Davao City,2026-07-06,64.2,Screened
APP01781,JP0069,John Mayer,male,35,Associate,5,Taguig,2026-05-11,60.7,Rejected
APP00273,JP0011,Timothy Romero,F,29,Associate,0,,02/03/2026,69.1,Screened
APP01639,JP0063,Kelly Dominguez,F,41,BS,6,Quezon City,2026-04-30,46.5,Rejected
APP01458,JP0056,Lisa Nelson,Prefer not to say,20,MS,3,Iloilo City,04/25/2026,78.2,Offered
APP02202,JP0084,Billy Williams,F,30,Master's Degree,6,Makati,01-Jun-26,61.6,Interviewed
APP01984,JP0076,Thomas Kelly,female,31,B.S.,4,Quezon City,08-Jun-26,64.2,Interviewed
APP01812,JP0070,Katherine Graham,Male,40,Bachelor's Degree,10,Pasig,2026-05-28,73.2,Interviewed
APP00630,JP0025,Michael Stanley,M,27,Bachelors,7,Taguig,"Feb 19, 2026",53.3,Screened
APP02363,JP0091,Crystal Mills,Female,38,BS,6,Davao City,06/24/2026,37.3,Rejected
APP02518,JP0096,Michael Dawson,female,31,Master,5,Pasig,06-Jul-26,71.3,Screened
APP01940,JP0075,Kaitlyn Valdez,Female,35,B.S.,8,Pasig,"May 16, 2026",31.6,Rejected
APP00481,JP0019,Bobby Guerrero,Female,26,BS,0,Cebu City,09-Feb-26,48.1,Applied
APP01837,JP0071,Christopher Porter,Male,,B.S.,5,,20-May-26,37.9,Rejected
APP01727,JP0067,Christopher Hicks,Non-binary,20,Master's Degree,4,,"May 01, 2026",70.7,Interviewed
APP00148,JP0006,Victoria Larson,male,23,HS Graduate,0,Makati,01/12/2026,40.3,Rejected
APP01526,JP0059,Michael Henderson,M,43,Bachelor,9,,05/05/2026,54.9,Rejected
APP01987,JP0076,Robert Walker,Female,33,Bachelors,1,Quezon City,"May 26, 2026",40.1,Applied
APP01375,JP0053,Brittney Rodriguez,M,36,MS,5,Pasig,19-Apr-26,68.4,Interviewed
APP02459,JP0094,James Greene,F,31,Master,0,Iloilo City,06/30/2026,100.0,Hired
APP02611,JP0099,Michael Horton DDS,Prefer not to say,22,M.S.,1,Iloilo City,2026-07-09,44.2,Screened
APP00661,JP0026,Lori Simmons,F,29,Bachelor's Degree,5,Quezon City,"Mar 06, 2026",74.0,Screened
APP01791,JP0069,Cassandra Vasquez,male,27,Bachelor's Degree,1,Quezon City,2026-05-07,37.2,Rejected
APP00186,JP0008,Jonathan Peterson,male,29,B.S.,3,Mandaluyong,2026-01-31,61.4,Rejected
APP01152,JP0045,Sarah Booth,Male,27,B.S.,3,,03/29/2026,62.5,Screened
APP00626,JP0024,Rachel Bradley,Female,33,BS,7,Pasig,15-Feb-26,58.8,Screened
APP02197,JP0084,Jessica Simmons,M,36,Associate,4,Makati,06/01/2026,83.5,Hired
APP01927,JP0074,Kara Roberts,Female,39,High School Graduate,11,Makati,2026-05-18,41.2,Rejected
APP00196,JP0008,Spencer Haynes,Male,24,B.S.,0,Taguig,"Jan 31, 2026",31.2,Rejected
APP02331,JP0089,Kelly Lopez,Male,45,Vocational,12,Iloilo City,20-Jun-26,49.5,Screened
APP00293,JP0012,Margaret Coleman,M,22,Bachelor,0,Taguig,2026-02-02,,Rejected
APP00780,JP0030,Raymond Chapman,M,26,Bachelor,5,Taguig,"Mar 15, 2026",65.3,Screened
APP00395,JP0016,Robin Young,male,26,Bachelors,2,Davao City,30-Jan-26,58.4,Rejected
APP00105,JP0005,April Frost,F,28,Bachelor,7,Cebu City,10-Jan-26,41.3,Applied
APP00203,JP0009,Elizabeth Perkins,F,20,Bachelor's Degree,0,Cebu City,2026-02-01,83.8,Interviewed
APP00834,JP0032,Timothy Hill,female,24,Bachelor,0,Iloilo City,2026-03-11,38.6,Applied
APP02295,JP0087,Michelle Chambers,M,27,Bachelor's Degree,4,Cebu City,"Jun 27, 2026",39.7,Rejected
APP01447,JP0056,Chelsea Smith,Female,,Bachelors,9,Quezon City,04/30/2026,83.6,Screened
APP01738,JP0067,Richard Munoz,M,24,Bachelor's Degree,6,,"May 18, 2026",62.1,Screened
APP01699,JP0065,Lisa Durham,Female,31,Senior High,4,Taguig,2026-05-01,,Applied
APP01700,JP0066,Cynthia Bates,male,35,Bachelors,7,Iloilo City,"May 21, 2026",57.0,Interviewed
APP02581,JP0098,Emily Griffith,M,28,M.S.,8,Davao City,08-Jul-26,30.8,Applied
APP01151,JP0045,Matthew Garcia MD,Male,25,Master,0,Davao City,03/26/2026,56.5,Rejected
APP01654,JP0064,Kurt Hancock,Female,30,B.S.,0,Mandaluyong,11-May-26,36.9,Screened
APP02433,JP0093,Daniel Smith,Male,40,High School Graduate,5,Makati,2026-06-27,56.3,Rejected
APP01771,JP0068,Kari Lloyd,Female,28,Bachelor,8,Quezon City,05/17/2026,,Screened
APP00869,JP0033,Lindsay Lawson,M,33,MS,4,Davao City,03/08/2026,75.6,Screened
APP01581,JP0061,Dr. Katherine Nguyen,Male,47,Bachelors,13,Taguig,2026-04-21,46.2,Rejected
APP02267,JP0086,Heidi Johnson,M,39,Associate,10,Iloilo City,06/24/2026,29.5,Applied
APP00628,JP0025,Martha Bailey,female,30,B.S.,0,Pasig,02/23/2026,66.8,Rejected
APP00005,JP0001,Noah Rhodes,Male,33,BS,6,Quezon City,10-Jan-26,98.5,Interviewed
APP02161,JP0082,Rebecca Brown,M,32,Associate Degree,12,Makati,06-Jun-26,29.0,Rejected
APP00687,JP0027,Renee Browning,female,26,HS Graduate,6,Pasig,23-Feb-26,63.6,Rejected
APP01624,JP0063,Victoria Webb,male,31,Bachelor,6,Quezon City,04/26/2026,37.6,Rejected
APP01273,JP0050,Christopher Jones,male,31,Bachelors,0,Iloilo City,08-Apr-26,56.3,Rejected
APP02549,JP0097,Albert Garcia,Female,31,B.S.,5,Taguig,"Jun 29, 2026",,Screened
APP02486,JP0095,Bethany Harding,female,34,High School Graduate,7,Pasig,"Jun 25, 2026",65.0,Interviewed
APP01533,JP0059,Matthew Guzman,Prefer not to say,27,Associate Degree,1,Davao City,2026-04-19,57.1,Screened
APP01850,JP0072,Robert Chang,Male,30,Bachelors,13,Iloilo City,"May 21, 2026",43.5,Rejected
APP01123,JP0044,Michael Roberson,M,,Bachelor,9,Mandaluyong,21-Mar-26,34.8,Rejected
APP02561,JP0098,Dan Johnson,female,40,Associate Degree,11,Mandaluyong,2026-07-14,67.7,Interviewed
APP01629,JP0063,James Jones,Male,30,High School Graduate,0,Davao City,"Apr 26, 2026",53.0,Rejected
APP01993,JP0077,Monica Allen,Female,,Associate Degree,8,Iloilo City,05/20/2026,53.7,Screened
APP00667,JP0026,Samuel Turner,Female,,MS,11,Quezon City,03-Mar-26,58.0,Rejected
APP00702,JP0027,Jennifer Hernandez,Female,33,BS,6,Taguig,"Feb 23, 2026",95.1,Screened
APP01267,JP0049,Manuel Mccullough,F,43,Bachelor's Degree,12,Quezon City,"Apr 05, 2026",52.6,Rejected
APP00316,JP0013,Ashley Hall,Female,27,B.S.,0,Makati,2026-02-06,50.0,Rejected
APP00631,JP0025,Jennifer Miranda,M,35,Senior High,1,Iloilo City,2026-03-02,41.0,Rejected
APP01429,JP0055,Phillip Kent,Male,28,Bachelor's Degree,2,Mandaluyong,"Apr 14, 2026",0.0,Rejected
APP01462,JP0057,Ashley Mills,Male,30,Bachelor,0,Taguig,"Apr 14, 2026",56.9,Rejected
APP00680,JP0027,Sean Clay,F,22,Bachelor's Degree,1,Taguig,19-Feb-26,28.2,Rejected
APP01272,JP0050,Terry Ward,female,37,Master,13,Quezon City,09-Apr-26,63.8,Screened
APP01764,JP0068,Karen Thomas,M,32,Bachelor,8,Quezon City,2026-05-21,,Applied
APP00977,JP0038,Amanda Guzman,male,33,Associate,11,Cebu City,"Mar 27, 2026",76.1,Interviewed
APP01330,JP0051,Grace Chavez,Female,22,M.S.,0,Quezon City,10-Apr-26,,Interviewed
APP01403,JP0054,Dr. Steve James,female,27,HS Graduate,0,Davao City,11-Apr-26,66.9,Rejected
APP01408,JP0054,Jennifer White,F,28,BS,0,Pasig,"Apr 25, 2026",27.3,Rejected
APP02220,JP0085,Toni Whitaker,female,31,M.S.,1,Taguig,23-Jun-26,,Applied
APP01499,JP0058,Sonya Jackson,F,27,Bachelors,4,Cebu City,01-May-26,,Interviewed
APP02024,JP0078,Mike Freeman,F,26,M.S.,0,Pasig,2026-06-11,62.1,Screened
APP01543,JP0059,Patricia Anderson,F,31,Associate Degree,4,Cebu City,04/16/2026,57.2,Rejected
APP01664,JP0064,Jason Crawford,M,23,Associate,0,Taguig,05/04/2026,,Applied
APP01335,JP0052,Tina Walter,Female,33,Bachelor's Degree,0,Pasig,"Apr 05, 2026",42.4,Rejected
APP02594,JP0099,Jesse Brooks,male,37,Bachelor's Degree,6,Quezon City,07/08/2026,77.1,Interviewed
APP02592,JP0099,Stephanie Stone,Male,27,B.S.,0,Quezon City,07/15/2026,36.2,Rejected
APP01644,JP0064,Alexander Garrett,Male,27,Associate,8,Cebu City,2026-05-02,93.9,Hired
APP01055,JP0041,Alexa Buck,Male,26,M.S.,6,Makati,"Apr 03, 2026",56.6,Screened
APP00801,JP0031,Adam Taylor,Female,44,B.S.,10,Makati,13-Mar-26,,Screened
APP01617,JP0062,Kelli Mccoy,Non-binary,35,BS,2,Taguig,"Apr 28, 2026",90.6,Interviewed
APP01832,JP0071,Bruce Roman,F,27,BS,2,Pasig,10-May-26,80.2,Interviewed
APP01715,JP0066,Joshua Brown,M,29,High School Graduate,1,Makati,2026-05-07,42.4,Rejected
APP01177,JP0046,Miss Tina Gordon,Male,33,Associate,9,,04/10/2026,,Rejected
APP01046,JP0041,Lisa Evans,Female,25,Master's Degree,0,Quezon City,2026-03-28,,Rejected
APP00545,JP0021,James Gilbert,female,37,B.S.,1,Pasig,2026-02-22,46.2,Rejected
APP01682,JP0065,Donald Flores,female,31,Vocational,2,Cebu City,30-Apr-26,56.5,Screened
APP02562,JP0098,Valerie Benson,Female,26,BS,6,Cebu City,08-Jul-26,83.4,Offered
APP01773,JP0068,Kevin Hernandez,M,36,Associate Degree,11,Iloilo City,"May 08, 2026",59.5,Screened
APP01914,JP0074,Eugene Martinez,Male,34,Master,8,Makati,"May 17, 2026",46.7,Screened
APP00083,JP0004,Anna Henderson,Female,28,Bachelors,5,Taguig,11-Jan-26,27.0,Applied
APP01033,JP0040,Jason Hernandez,Male,28,Vocational,3,Mandaluyong,03/14/2026,73.7,Screened
APP00551,JP0022,Veronica Silva,Female,38,Bachelors,10,Quezon City,"Feb 16, 2026",57.1,Rejected
APP00853,JP0033,Tiffany Townsend,Male,31,Master's Degree,0,Pasig,03/12/2026,50.3,Rejected
APP01464,JP0057,Jacob Obrien,male,20,Bachelors,1,Makati,19-Apr-26,29.9,Rejected
APP01895,JP0073,Matthew Davis,Male,20,Associate,0,Mandaluyong,2026-06-02,52.6,Rejected
APP01018,JP0040,Samuel Suarez,Male,32,BS,7,Iloilo City,03/16/2026,33.5,Rejected
APP00214,JP0009,Bryan Herrera,F,20,Master,0,Quezon City,28-Jan-26,74.3,Screened
APP00405,JP0016,Brian Smith,male,20,BS,0,Iloilo City,2026-02-09,65.0,Interviewed
APP00847,JP0033,Kimberly Myers,female,38,B.S.,14,Taguig,13-Mar-26,43.0,Rejected
APP00397,JP0016,Gary Jackson,Male,30,B.S.,0,Taguig,"Feb 12, 2026",72.7,Rejected
APP02542,JP0097,Austin Briggs,M,48,Master's Degree,11,Taguig,2026-07-08,34.3,Rejected
APP01036,JP0040,Patrick Mccall,M,27,Associate Degree,5,Makati,03/19/2026,59.4,Screened
APP01481,JP0057,Timothy Clark,Female,26,BS,4,Makati,2026-04-27,34.5,Rejected
APP00957,JP0037,Erica Johnson,Female,28,Associate,3,Mandaluyong,"Mar 23, 2026",51.2,Applied
APP01547,JP0060,Ellen Thornton,M,27,B.S.,5,Iloilo City,28-Apr-26,25.2,Rejected
APP01885,JP0073,Christine Zavala,M,26,Master's Degree,0,Mandaluyong,2026-05-27,,Applied
APP02148,JP0082,Terry Barajas,Male,35,Master,4,Iloilo City,"Jun 14, 2026",,Rejected
APP00794,JP0031,Kimberly Fritz,F,36,Bachelors,4,Quezon City,03-Mar-26,36.5,Rejected
APP01766,JP0068,Amy Kennedy,female,28,Bachelor,2,Quezon City,2026-05-22,75.0,Hired
APP02469,JP0094,Shelley York,F,37,Master,4,Quezon City,11-Jul-26,80.0,Screened
APP00519,JP0020,Mr. Justin Green III,male,33,Master,6,Makati,25-Feb-26,72.4,Interviewed
APP00771,JP0030,Kevin Price,M,20,Bachelor,0,Mandaluyong,03/11/2026,51.5,Screened
APP01863,JP0072,Chad Cortez,Female,27,Bachelor,0,Makati,05/12/2026,27.2,Rejected
APP00223,JP0009,Melissa Brewer,F,44,Associate Degree,12,Iloilo City,20-Jan-26,71.8,Hired
APP02173,JP0083,Christopher Hanna,M,20,Bachelor's Degree,1,Makati,2026-06-05,44.4,Applied
APP02080,JP0080,Brian Navarro,Female,27,B.S.,0,Cebu City,05/31/2026,,Rejected
APP02287,JP0087,Joshua Kramer,male,20,BS,0,Pasig,06/22/2026,69.1,Screened
APP01782,JP0069,Susan Baldwin,Male,35,B.S.,5,Cebu City,05/12/2026,26.3,Rejected
APP00382,JP0015,Anthony Moore,F,25,Associate,0,Taguig,04-Feb-26,54.5,Applied
APP02357,JP0090,Charles Scott,male,28,BS,6,Quezon City,2026-06-24,79.5,Hired
APP00416,JP0017,Jeffrey Mills,Male,32,B.S.,8,Cebu City,01/31/2026,68.7,Interviewed
APP01672,JP0065,John Bell,female,40,BS,8,Makati,2026-05-14,28.4,Applied
APP00407,JP0016,Laura Mckinney,Male,27,Bachelor,4,Cebu City,31-Jan-26,74.7,Screened
APP01521,JP0059,Andrew Fernandez,Male,27,Associate,9,Quezon City,"Apr 24, 2026",64.2,Screened
APP01184,JP0046,Dorothy Boyd,Female,25,Master's Degree,0,Cebu City,2026-03-27,100.0,Hired
APP01502,JP0058,Heather Ellis,M,25,Vocational,1,Taguig,"Apr 28, 2026",71.5,Interviewed
APP02034,JP0078,Barry Gregory,Female,40,Bachelor,3,Taguig,"Jun 11, 2026",82.9,Interviewed
APP01142,JP0045,Jillian Wilson,male,36,Bachelors,5,Cebu City,03/29/2026,56.0,Rejected
APP01381,JP0053,Nicolas Salas,female,35,Vocational,4,Quezon City,2026-04-08,69.8,Interviewed
APP02584,JP0098,James Phillips,M,22,Associate,0,Taguig,11-Jul-26,58.0,Interviewed
APP00058,JP0003,Jessica Callahan,M,42,Master,3,Mandaluyong,22-Jan-26,49.4,Screened
APP02066,JP0079,Austin Solis,M,49,Master,15,Mandaluyong,2026-05-30,,Rejected
APP01182,JP0046,Michelle Walls,F,30,Master,5,Mandaluyong,07-Apr-26,53.0,Applied
APP00477,JP0019,William Gould,Male,20,Master's Degree,0,Makati,02/04/2026,40.7,Applied
APP00369,JP0015,Megan Nelson,M,20,Master's Degree,0,Quezon City,2026-01-28,46.2,Rejected
APP02225,JP0085,Lance Kirby,F,36,Bachelors,11,Davao City,06/24/2026,52.3,Applied
APP00776,JP0030,Jessica Smith,Non-binary,40,Associate Degree,11,Davao City,03/01/2026,93.4,Hired
APP02266,JP0086,Paul Fisher,female,45,BS,16,Mandaluyong,2026-06-21,50.8,Applied
APP00812,JP0031,Cody Reid,M,26,Master,1,Cebu City,05-Mar-26,67.9,Interviewed
APP01074,JP0042,Elizabeth French,Female,41,B.S.,11,Davao City,"Mar 27, 2026",64.5,Interviewed
APP00891,JP0034,Michelle Jackson,F,44,BS,10,Makati,"Mar 18, 2026",65.3,Interviewed
APP00349,JP0014,Charles Lester,M,25,Bachelors,0,Makati,02/06/2026,87.8,Interviewed
APP02343,JP0090,Paul Cruz Jr.,female,,Master,0,Iloilo City,"Jul 01, 2026",62.3,Screened
APP01024,JP0040,Suzanne Jones,Male,20,M.S.,0,Davao City,01-Apr-26,97.5,Hired
APP01289,JP0050,Jonathan Bates,Female,32,Senior High,4,Cebu City,04/17/2026,82.1,Interviewed
APP00443,JP0018,Marie Moody,Male,31,Master,3,Quezon City,21-Feb-26,55.1,Rejected
APP00836,JP0032,Anna Estes,M,36,BS,1,Davao City,06-Mar-26,80.9,Interviewed
APP02324,JP0089,Lisa Gill,female,23,Bachelors,1,Makati,06/26/2026,73.9,Interviewed
APP00995,JP0039,Brittany Ward,female,24,Bachelors,0,Taguig,"Mar 31, 2026",64.0,Screened
APP01974,JP0076,Ashley Stevens,female,29,MS,0,Iloilo City,05/21/2026,58.7,Screened
APP00212,JP0009,Ricky Davis II,Male,35,Bachelors,11,Taguig,01/19/2026,86.1,Offered
APP00160,JP0007,Jennifer Adkins,F,,Bachelor,9,Davao City,2026-01-19,60.0,Rejected
APP01580,JP0061,Cody Farmer,F,,Master's Degree,0,Pasig,"May 01, 2026",56.8,Interviewed
APP02467,JP0094,Rebecca Lee,F,24,Bachelor's Degree,2,Quezon City,2026-07-10,100.0,Hired
APP00711,JP0027,Karl Branch,M,29,BS,2,Makati,2026-02-20,42.7,Applied
APP01509,JP0058,Jacob Duran,female,,Bachelor,8,Makati,04/18/2026,68.2,Screened
APP01125,JP0044,James Rivers,M,41,Bachelors,12,Cebu City,03/22/2026,59.4,Screened
APP01027,JP0040,Olivia Ayers,Female,20,M.S.,0,Cebu City,27-Mar-26,61.2,Screened
APP01591,JP0061,Corey Johnson,M,27,Associate,0,Mandaluyong,2026-04-22,,Screened
APP01956,JP0075,Julian Williams,female,34,Bachelors,5,Mandaluyong,"May 22, 2026",40.5,Rejected
APP02259,JP0086,Brian Bishop,Male,31,Bachelor's Degree,1,Quezon City,06/20/2026,51.8,Screened
APP00033,JP0002,Debra Davidson,M,30,High School Graduate,3,Cebu City,"Jan 18, 2026",66.1,Offered
APP00769,JP0030,Christopher Moore,male,43,Bachelors,11,Pasig,"Mar 01, 2026",50.3,Screened
APP02538,JP0097,Eric George,male,32,Master,5,Cebu City,09-Jul-26,35.0,Rejected
APP01474,JP0057,Lisa Morris,M,27,BS,7,Mandaluyong,18-Apr-26,49.6,Rejected
APP01399,JP0054,Dr. Samuel Holmes DDS,Female,29,BS,4,Makati,2026-04-07,75.3,Interviewed
APP02132,JP0082,Charles Roberts,Female,26,High School Graduate,7,Iloilo City,06/02/2026,,Screened
APP01372,JP0053,Samantha Jones,F,35,Associate,7,Quezon City,"Apr 11, 2026",68.3,Offered
APP02599,JP0099,Jay Gallegos,Female,22,BS,5,Davao City,19-Jul-26,45.8,Applied
APP02030,JP0078,Katie Myers,M,37,Bachelor,5,Makati,23-May-26,46.2,Rejected
APP00240,JP0010,Matthew Moon,Prefer not to say,38,Bachelor,6,Cebu City,2026-01-30,66.5,Rejected
APP02048,JP0079,Ryan Davis,male,33,Bachelor,6,Iloilo City,2026-06-09,,Screened
APP02383,JP0091,David Bird,M,20,Bachelors,0,Iloilo City,2026-06-27,80.7,Interviewed
APP00603,JP0024,Casey Gillespie,Male,31,Senior High,1,Cebu City,03/01/2026,82.1,Hired
APP02436,JP0093,Patrick Harris,Male,32,Vocational,2,Cebu City,2026-06-19,54.1,Rejected
APP01295,JP0050,Candace Soto,Female,29,Bachelors,0,Pasig,"Apr 02, 2026",35.4,Rejected
APP02229,JP0085,Calvin Smith,female,32,Master,5,Iloilo City,21-Jun-26,99.0,Interviewed
APP02065,JP0079,Shari Ray,female,35,BS,6,Iloilo City,05/29/2026,43.9,Applied
APP00638,JP0025,Gregory Hill,M,30,Associate,3,Taguig,16-Feb-26,56.9,Applied
APP01530,JP0059,James Miller,M,25,MS,0,Pasig,"Apr 27, 2026",52.4,Rejected
APP01244,JP0049,Deborah Mercado,Female,20,Vocational,1,Quezon City,2026-04-06,20.9,Rejected
APP01887,JP0073,Derek Frazier,F,38,Vocational,9,Cebu City,"May 16, 2026",35.3,Rejected
APP00547,JP0022,Robert Richardson,F,29,MS,4,Mandaluyong,02/27/2026,51.1,Screened
APP00184,JP0008,Jessica Gross,female,35,B.S.,8,Davao City,01/19/2026,69.4,Rejected
APP01802,JP0070,Heather Maldonado,female,27,Bachelor's Degree,0,Taguig,"May 26, 2026",56.1,Rejected
APP00991,JP0038,Cynthia Haas,F,31,Bachelor,9,Mandaluyong,22-Mar-26,67.9,Interviewed
APP02064,JP0079,Gregory Stanley,female,25,Bachelor's Degree,0,Mandaluyong,2026-06-01,95.7,Hired
APP02531,JP0097,Carolyn Haley,Male,35,BS,9,Taguig,2026-07-06,17.4,Applied
APP01081,JP0042,Brenda Gonzalez,male,26,BS,3,Pasig,20-Mar-26,,Rejected
APP00479,JP0019,Robin Thompson,F,36,Bachelor's Degree,10,Taguig,02/14/2026,60.0,Interviewed
APP00741,JP0029,Dana Bennett,F,30,Master's Degree,7,Makati,2026-02-27,48.9,Rejected
APP02309,JP0088,Joseph Chapman,male,37,BS,11,Mandaluyong,2026-06-10,86.1,Interviewed
APP00004,JP0001,Patty Perez,Male,39,Bachelor,8,Davao City,12-Jan-26,52.3,Screened
APP00441,JP0018,Ruben Dunn,Female,25,Associate Degree,1,Iloilo City,02/08/2026,49.5,Rejected
APP01168,JP0046,Erica Wilson,M,31,Master,7,Quezon City,"Mar 27, 2026",21.3,Applied
APP02335,JP0089,Rebecca Zimmerman,Male,27,BS,2,Iloilo City,2026-07-02,68.3,Screened
APP00965,JP0037,William Keith,F,35,Master's Degree,9,Mandaluyong,"Mar 14, 2026",73.9,Rejected
APP01214,JP0047,Gary Ward,male,27,MS,2,Iloilo City,12-Apr-26,38.1,Applied
APP02435,JP0093,David Hanson,female,34,Senior High,9,Cebu City,21-Jun-26,59.6,Screened
APP01516,JP0059,Laura Velez,female,33,HS Graduate,8,Cebu City,04/21/2026,70.7,Screened
APP02408,JP0092,Michael Owens,Non-binary,,Bachelors,4,Quezon City,"Jun 30, 2026",72.8,Screened
APP00777,JP0030,Todd Thomas,Male,27,B.S.,4,Quezon City,2026-03-12,62.7,Screened
APP01689,JP0065,John Lowe,F,37,MS,3,Taguig,04/29/2026,58.6,Screened
APP00129,JP0006,Elizabeth Kelley,male,43,Master's Degree,14,Davao City,2026-01-13,64.6,Screened
APP02156,JP0082,Cheryl Atkins,Male,37,B.S.,10,Iloilo City,01-Jun-26,72.2,Interviewed
APP01488,JP0057,Kenneth Huff,female,21,BS,0,Cebu City,2026-04-24,39.0,Applied
APP00330,JP0013,Vanessa Howard,F,31,Vocational,3,Davao City,01/24/2026,45.9,Applied
APP01223,JP0048,Angel Reilly,F,35,Master's Degree,8,Makati,04-Apr-26,35.2,Applied
APP00490,JP0019,Jason Beck,M,42,MS,11,Quezon City,"Feb 22, 2026",73.1,Offered
APP02190,JP0083,Kelly Duncan,Male,20,B.S.,0,Quezon City,06/16/2026,72.6,Screened
APP01625,JP0063,Lee Stewart,M,20,Bachelor's Degree,0,Cebu City,"May 06, 2026",33.6,Applied
APP01099,JP0043,James Chapman,male,23,Master's Degree,4,Quezon City,2026-03-23,67.1,Screened
APP01130,JP0044,James Jefferson,M,28,HS Graduate,4,Cebu City,03/31/2026,51.7,Rejected
APP01277,JP0050,Robert Cortez,Female,27,BS,4,Iloilo City,04/09/2026,50.8,Rejected
APP00849,JP0033,Vanessa Hatfield,F,29,Associate,5,Taguig,10-Mar-26,,Rejected
